source_id,ra,dec,parallax,pmra,pmdec,phot_g_mean_mag,bp_rp,tmass_designation,j_m,h_m,ks_m,ph_qual
605014317658598656,132.63471980640932,12.254791937312481,1.4966387937015626,5.898972284186477,-9.155527232885738,13.895888328552246,0.8025903701782227,08503233+1215175,12.857999801635742,12.545000076293945,12.472999572753906,AAA
605048844899585152,133.4900893784005,12.262759736287878,1.123562286016558,-10.90823972872985,-3.0848129615404227,13.388559341430664,0.7366666793823242,08535764+1215459,12.434000015258789,12.199999809265137,12.156999588012695,AAA
605022525341141632,132.92163609341358,12.40909328057823,1.1368382183664567,-10.931328583118791,-3.0910867080908515,13.699180603027344,0.7537393569946289,08514120+1224326,12.73900032043457,12.454999923706055,12.402999877929688,AAA
608024574336601088,132.60327188698764,12.468872733521845,3.00779455216706,-15.455535157991939,-25.242693684536505,13.270076751708984,0.9825077056884766,08502481+1228084,12.022000312805176,11.614999771118164,11.545999526977539,AAA
605025205400732672,132.96045571516586,12.498058928582141,1.2747386425414373,5.276182004101293,-11.768906651055099,12.168302536010742,0.7445220947265625,08515050+1229531,11.182999610900879,10.934000015258789,10.883999824523926,AAA
598655154720022272,132.54807640845374,10.922993380307103,1.0076974887012726,-0.6838565052269718,-12.459685101720845,13.847546577453613,0.8437080383300781,08501153+1055230,12.774999618530273,12.430000305175781,12.335000038146973,AAA
598672540747538688,133.0579384967199,11.04608019962828,1.9117226033943413,-7.997229019163996,-9.233885151440955,12.360398292541504,0.7996616363525391,08521392+1102459,11.378999710083008,11.081999778747559,11.055000305175781,AAA
604630274567449344,133.33708023026858,11.048028423981611,1.7009260305808056,2.4943051772509643,-6.640624875869139,12.446574211120605,0.7734718322753906,08532089+1102529,11.446000099182129,11.201000213623047,11.163000106811523,AAA
604628011119732992,133.42060461035265,11.096483508990051,1.6534502386279208,-5.965541710896494,1.8049083214916708,13.950993537902832,0.9425163269042969,08534095+1105473,12.758999824523926,12.413000106811523,12.288000106811523,AAA
598676109865154048,133.00186117618847,11.106422961355374,1.7745923007458855,0.20563463362833168,-12.511918438730033,13.1078519821167,0.8445262908935547,08520044+1106232,11.96500015258789,11.67199993133545,11.616000175476074,AAA
598852070380683008,132.31002876826787,11.115500871615628,3.5440322279992276,-30.506741198171603,-28.647719894393596,13.946111679077148,1.2967748641967773,08491444+1106562,12.357000350952148,11.77299976348877,11.668000221252441,AAA
598873953238690816,132.59679964131146,11.188649002594047,,,,12.460589408874512,0.7934598922729492,08502324+1111191,11.456999778747559,11.175000190734863,11.116000175476074,AAA
598868837933020800,132.1098890419998,11.21038994269442,0.2908158321570319,-4.62552988014072,-1.1231052013112333,13.510285377502441,1.3711433410644531,08482637+1112374,11.788999557495117,11.206999778747559,11.053999900817871,AAA
598878424301097728,132.46752725230934,11.252172498075687,1.2277082016038856,-1.0906063011573135,3.133676102971274,12.85918140411377,1.1022882461547852,08495220+1115078,11.456000328063965,11.003000259399414,10.890000343322754,AAA
604640930381330304,133.5220024202339,11.309340644574915,1.4654320640882665,-5.053156353813947,-12.684789071425099,13.99217700958252,0.8142004013061523,08540528+1118338,12.975000381469727,12.656999588012695,12.574999809265137,AAA
604638903156749312,133.68179949455936,11.310921171717164,0.976236618593454,-8.345356880465534,-15.862972378877249,10.829148292541504,1.2983789443969727,08544364+1118396,9.182000160217285,8.630000114440918,8.508999824523926,AAA
598884334174935296,132.83279493282666,11.367933312612767,2.9998805498955434,15.671242949889665,-31.357486788566444,9.965689659118652,1.1147232055664062,08511984+1122051,8.513999938964844,8.053999900817871,7.98199987411499,AAA
598919174949611520,131.97785331158246,11.380939730217214,1.0420750987482168,-5.221280423364519,-7.921363284730681,13.980419158935547,0.7670974731445312,08475468+1122515,12.986000061035156,12.675000190734863,12.673999786376953,AAA
598922473484495616,131.93723448488228,11.416711215076578,1.283438118176207,-4.414733538543705,-1.9517350854060291,10.695639610290527,0.45395946502685547,08474493+1125002,10.107000350952148,9.980999946594238,9.9399995803833,AAA
604894299092732160,132.83610653628818,11.524506592103798,0.5005479485871446,-6.914927256384661,0.069121606156504,13.927206993103027,0.7691936492919922,08512067+1131282,12.967000007629395,12.670999526977539,12.583000183105469,AAA
604892130133455488,132.98512211263696,11.530722633822043,1.8568039479434655,20.2689001672012,-23.416715757349635,13.165167808532715,0.8757658004760742,08515640+1131509,12.069999694824219,11.732999801635742,11.682000160217285,AAA
598925870802938880,132.0242207260982,11.546724125633055,1.166346663920254,3.027524446953034,-10.815346187691041,13.81346321105957,0.7334566116333008,08480580+1132484,12.878000259399414,12.623000144958496,12.559000015258789,AAA
604710749369622016,133.13209425568567,11.574701678617723,2.5039795252275896,-20.20064691799875,6.730606993323629,11.73560619354248,0.6680259704589844,08523172+1134289,10.765999794006348,10.583999633789062,10.493000030517578,AAA
604907390153062016,132.71139932834978,11.583942532403386,1.5346119620339285,1.9339159914917743,-35.55289840827134,12.851841926574707,0.7653274536132812,08505073+1135027,11.85099983215332,11.508999824523926,11.473999977111816,AAA
604893951199585920,132.96081652328212,11.609414202845594,0.8990950469311935,-14.412425381974476,2.387670338947332,13.290700912475586,0.6436986923217773,08515061+1136337,12.470999717712402,12.256999969482422,12.196999549865723,AAA
598941985520230528,131.87717147486467,11.624980939323514,3.43561920372451,-5.3524159122725585,1.2937646605674462,11.254636764526367,0.6577119827270508,08473052+1137299,10.397000312805176,10.168000221252441,10.119000434875488,AAA
598903953585548672,132.62085201174244,11.6359111528149,1.1420813291546128,-10.730773118397652,-2.8776854861817647,13.646081924438477,0.7406692504882812,08502901+1138092,12.692000389099121,12.439000129699707,12.39799976348877,AAA
604713459494948352,133.25122970031487,11.684762054189912,1.4098075762564377,-2.3809461492319266,-0.6048274913167373,12.498801231384277,0.7079877853393555,08530030+1141051,11.493000030517578,11.279999732971191,11.267999649047852,DAD
604901823875341056,133.10983628434533,11.691020965269104,1.213697106322298,-10.916731808346668,-2.8995393163338012,12.249378204345703,1.112696647644043,08522636+1141277,10.845000267028809,10.314000129699707,10.262999534606934,AAA
604736381734433664,133.39461562411506,11.699582602663176,1.1354063943768857,-10.960614718931465,-2.970291462301156,13.662275314331055,0.7829360961914062,08533471+1141585,12.677000045776367,12.38700008392334,12.326000213623047,AAA
604903576222013952,133.024145343748,11.70685105938673,1.1611473132023893,-10.771296488937693,-2.3505250338594794,13.562482833862305,0.7844562530517578,08520580+1142246,12.515000343322754,12.211999893188477,12.104999542236328,AAA
598963876969204736,132.1044833694996,11.707543412924416,3.988549176820133,5.750122725005592,2.22505221698817,11.843637466430664,0.8454551696777344,08482506+1142272,10.76099967956543,10.4399995803833,10.35200023651123,AAA
604912406674856064,132.69199810714824,11.718959347259792,1.1260384683463016,-11.078118753156893,-2.742081932598328,12.9716796875,0.7431812286376953,08504609+1143082,12.019000053405762,11.760000228881836,11.680999755859375,AAA
604911268507711232,132.8097517211022,11.750135043124263,1.251831791627078,-11.524800663367362,-3.4199255683121974,10.977456092834473,0.5827150344848633,08511436+1145005,10.081000328063965,9.993000030517578,9.918000221252441,EEE
604904538294704768,132.9364128137695,11.750350145304576,1.1850340822961247,-10.843515822236329,-2.7832359448038386,13.221856117248535,0.7272253036499023,08514475+1145012,12.288000106811523,12.038999557495117,11.968999862670898,AAA
604905500367349888,133.0472343503758,11.760536076597916,1.2013230888602429,-11.062089608451904,-2.9046024504632735,12.695326805114746,0.9684171676635742,08521134+1145380,11.45199966430664,11.081999778747559,10.993000030517578,AAA
604917281461922432,132.83557756304552,11.768010696262305,1.1452386369686802,-11.189329934235673,-3.225190936331199,13.04232120513916,0.7532663345336914,08512055+1146047,12.072999954223633,11.810999870300293,11.770999908447266,AAA
604906256281593472,133.04001385389932,11.779497951989923,1.175451005810465,-10.752449432238148,-2.9260942893511457,13.884224891662598,0.7675933837890625,08520961+1146462,12.932000160217285,12.642000198364258,12.58899974822998,AAA
604918316549771264,132.97224917790228,11.805787369253986,1.1796680102998034,-11.459033780124834,-2.803959890324898,12.582053184509277,0.7360162734985352,08515335+1148208,11.625,11.390000343322754,11.305000305175781,AAA
604918316549769600,132.98155898548345,11.810603368316759,1.1549365951807669,-10.96661578050875,-2.968902570504926,13.733011245727539,0.8498611450195312,08515558+1148381,12.656000137329102,12.345999717712402,12.258000373840332,AAA
604925974475194496,133.28871350582554,11.82034525861059,1.721592679491187,-7.879100744358979,-16.37823461101085,13.619120597839355,0.8570127487182617,08530930+1149135,12.503999710083008,12.210000038146973,12.175000190734863,AAA
604743013163971072,133.70948878498584,11.848271253180394,3.072829971132402,-8.161990738009544,0.12665482791526628,13.551785469055176,1.1031837463378906,08545028+1150537,12.157999992370605,11.720000267028809,11.638999938964844,AAA
604920962249663360,132.8151086611252,11.848939492176996,1.1324125709174995,-10.861669922182685,-2.685660267885666,12.77116584777832,1.0141916275024414,08511564+1150561,11.484999656677246,11.093999862670898,11.012999534606934,AAA
601973034136134400,131.86788076884193,11.876328131377278,1.379416782392905,-2.493685702635315,-3.0529911802589087,13.716744422912598,0.7547531127929688,08472830+1152348,12.77299976348877,12.51099967956543,12.45199966430664,AAA
604929036788082816,133.3022320272234,11.901627661466815,2.1326627367395097,-10.011518118005569,-1.072065507076611,13.891985893249512,0.9999790191650391,08531254+1154057,12.666999816894531,12.258999824523926,12.166000366210938,AAA
604978411732085504,132.44047969468733,11.943184312130173,1.3424572681210263,8.869209236585743,-1.6923108808523202,13.4173002243042,0.815791130065918,08494570+1156353,12.359000205993652,12.071000099182129,12.022000312805176,AAA
604967622774220160,132.55462226653455,11.95814584526982,2.5155571324409776,-17.542923224916407,-3.816132892501799,11.53295612335205,0.6187305450439453,08501313+1157294,10.722999572753906,10.517000198364258,10.484999656677246,AAA
604945014066435072,133.1383196654169,11.98370564765895,0.27302859784557426,-4.146337884380442,0.19943963128327832,12.349817276000977,1.4009180068969727,08523318+1159014,10.553999900817871,9.871000289916992,9.776000022888184,AAA
604977106061961984,132.66038916287926,12.129373861086643,1.1387764097927688,-10.815857834918905,-2.9948787940406114,13.014683723449707,0.7419290542602539,08503851+1207458,12.060999870300293,11.817000389099121,11.765000343322754,AAA
604954085036355712,133.39363969306038,12.159765025582331,2.946057850240833,6.486603908159214,-8.75884744808894,10.179611206054688,0.46839237213134766,08533445+1209352,9.282999992370605,9.135000228881836,9.0600004196167,AAA
604989578646987520,132.63908043361386,12.170961736457388,1.6947495590391308,2.1909135239777746,-12.369054814809667,13.091198921203613,0.7421846389770508,08503338+1210157,12.161999702453613,11.897000312805176,11.836999893188477,AAA
607992718563478784,132.2101556986769,12.215881298879108,6.212256284906298,-16.860645880465466,-18.97746348679117,12.307044982910156,1.1530485153198242,08485045+1212575,10.875,10.352999687194824,10.270000457763672,AAA
605039606425552000,133.73441691177973,12.220698601306518,1.9395424832007375,-6.39013900884734,-6.472256549947272,11.684256553649902,0.6216583251953125,08545627+1213146,10.892000198364258,10.678999900817871,10.642999649047852,AAA
607995914019146880,132.3089875929747,12.23098177069149,1.60267386731593,-6.187114824626173,-11.026248784675374,12.843708992004395,0.7848062515258789,08491416+1213517,11.800000190734863,11.47700023651123,11.432999610900879,AAA
605038438194455040,133.53644274148172,12.244015124971892,1.2628479499427336,-4.771699886345402,-12.394658118615478,13.849899291992188,0.8438777923583984,08540876+1214385,12.795000076293945,12.487000465393066,12.4399995803833,AAA
605002944585123968,132.94073352381454,12.284794709962112,0.7176318700084365,-2.5842840506032827,-3.29433277766506,11.04590129852295,1.178664207458496,08514577+1217052,9.54800033569336,9.055999755859375,8.902000427246094,AAA
604994904406431360,132.57526796884395,12.28791364825093,0.7725153339759109,-2.707273553932536,-9.64473061055044,13.175419807434082,0.7322607040405273,08501807+1217166,12.272000312805176,11.982999801635742,11.939000129699707,AAA
605008957539330816,132.96913972313394,12.314941024524412,0.265256895089377,-1.1444185441138652,-7.476832069386643,12.348716735839844,1.463181495666504,08515260+1218538,10.477999687194824,9.79699993133545,9.633000373840332,AAA
605009949676900352,132.91088699683638,12.337297328829862,1.167490616534254,-11.009797816702905,-2.8553783376757242,12.697912216186523,1.0938491821289062,08513862+1220141,11.29800033569336,10.866000175476074,10.791000366210938,AAA
605057370410199552,133.60247648461566,12.395707721887499,2.0649272003052803,-4.796125752152091,0.678720416923817,13.378829956054688,0.8275165557861328,08542460+1223444,12.282999992370605,11.949999809265137,11.888999938964844,AAA
605106917152970112,133.16609491589864,12.509913097740068,2.7310914664421517,-20.9645693770729,-3.0032282445428327,12.154998779296875,0.7253799438476562,08523987+1230357,11.204000473022461,10.946000099182129,10.895000457763672,AAA
598662267185815168,132.92699066881812,10.847735027424287,0.7037887135747246,-7.3520574596751125,-1.3655019050195762,13.692954063415527,1.0464935302734375,08514248+1050517,12.36299991607666,11.878000259399414,11.86400032043457,AAA
598664260050633984,132.89796620331197,10.948361997995578,0.7157611216999545,-2.146063880787734,0.4533613093517781,13.763751029968262,0.6252956390380859,08513551+1056541,12.942999839782715,12.746000289916992,12.670000076293945,AAA
598624437113819520,133.12697860742088,10.984115973713626,1.5832017649406263,-2.6362873286171635,-15.936338578767877,13.550386428833008,0.7627286911010742,08523047+1059030,12.555000305175781,12.295000076293945,12.260000228881836,AAA
598669650234342656,132.93911029088642,11.039474340119046,1.8509299602786058,-2.4175053435400318,-4.234980823568399,12.366621017456055,0.6797246932983398,08514539+1102221,11.484000205993652,11.267000198364258,11.222000122070312,AAA
598849596479562752,132.50197977423795,11.089566114722695,0.594787428110692,-3.29556035291738,-2.9079115702594907,11.712418556213379,1.2743291854858398,08500047+1105226,10.083000183105469,9.553999900817871,9.402999877929688,AAA
598880863841395456,132.58274281666792,11.358474534099894,3.051698816084345,-25.41738902226112,-4.7789841874158725,9.221260070800781,0.38614559173583984,08501989+1121305,8.71500015258789,8.607000350952148,8.565999984741211,AAA
604689961727982336,133.47709414834108,11.375653440289959,1.3349181489927298,0.2607228727294721,3.066584063580705,13.296100616455078,0.7957534790039062,08535450+1122322,12.303000450134277,12.017999649047852,11.967000007629395,AAA
598919312388563584,132.00121358314146,11.39325133483982,1.0476416742563905,-7.165222695385806,0.17265372783348995,12.502362251281738,0.8595333099365234,08480029+1123356,11.39799976348877,11.081999778747559,10.984000205993652,AAA
604691022584872832,133.44686827167598,11.414022144304779,0.8299849195380646,-2.287428802464211,0.15755550399879664,13.988441467285156,0.6444320678710938,08534725+1124504,13.140000343322754,12.92199993133545,12.878000259399414,AAA
598885738628962432,132.77495621844088,11.429279374425027,1.2302463529123318,-10.797698981235119,-2.496652050114522,13.397335052490234,0.7503890991210938,08510600+1125454,12.41100025177002,12.170999526977539,12.116000175476074,AAA
604703052788343296,133.08341951956004,11.460060090955055,1.1764006095470585,-11.239144137620457,-2.7902198344755966,12.240407943725586,1.124861717224121,08522003+1127362,10.83899974822998,10.383000373840332,10.253000259399414,AAA
604891923975026816,132.97026647119128,11.499108851098631,1.0905656099421337,-11.112066970315887,-2.888701476411547,13.063471794128418,0.7335100173950195,08515287+1129567,12.119999885559082,11.873000144958496,11.802000045776367,AAA
604669341589319296,133.75981507780673,11.50259068497124,0.9974450193413262,-3.386185865341057,5.044748078389416,13.392461776733398,0.6140241622924805,08550235+1130094,12.590999603271484,12.369999885559082,12.291000366210938,AAA
604707343460594048,133.35281987616312,11.525055940035964,0.9248368026949637,-11.94981258538553,-11.933428414096754,10.41222858428955,1.6136198043823242,08532468+1131303,8.399999618530273,7.7129998207092285,7.550000190734863,AAA
604891550313644672,132.92644772978355,11.535298813955471,1.1928781905188317,-10.862737922585737,-3.128323253270955,13.050788879394531,0.739161491394043,08514236+1132069,12.173999786376953,11.859999656677246,11.802000045776367,AAA
604896395036758528,132.87466139670332,11.586422750222024,1.1767322900760782,-11.142091554467282,-2.664146306289643,12.576983451843262,0.7489299774169922,08512993+1135112,11.619999885559082,11.366000175476074,11.317000389099121,AAA
604712158118974080,133.2840537867722,11.612214220121187,1.8625455389656487,-10.996392336595553,-2.9136435016630697,13.35018539428711,0.8101730346679688,08530818+1136440,12.317000389099121,12.03499984741211,11.984999656677246,AAA
604897631987335296,132.8602897050583,11.6435687214845,1.1444482936268856,-10.964419477970303,-2.8227485139999167,13.536231994628906,0.7390928268432617,08512648+1138368,12.595999717712402,12.364999771118164,12.25100040435791,AAA
604899831010539904,133.02616909433013,11.644733801183666,1.3099237661059127,-10.977071470868603,-3.077249889118474,13.292193412780762,0.7456989288330078,08520629+1138411,12.3149995803833,12.053999900817871,11.991999626159668,AAA
598956970661777792,132.28923099990658,11.67941550944402,1.3067261313184322,-7.327925531181091,-7.275728795533777,13.615787506103516,0.7695322036743164,08490942+1140460,12.604000091552734,12.29699993133545,12.241000175476074,AAA
604910001493155584,132.78956168903517,11.695828299801674,1.2237860664089297,-10.058414382769973,-2.8591899244732826,12.601999282836914,0.9179534912109375,08510951+1141449,11.444999694824219,11.10200023651123,10.996999740600586,AAA
598966213431423488,131.96804535285182,11.711931530201056,2.0898732982170305,-20.46223309919415,-3.1888959665818684,12.813420295715332,0.8378219604492188,08475235+1142430,11.74899959564209,11.46500015258789,11.38599967956543,AAA
604902167472726784,133.0778133194612,11.723495850329515,1.1919295679244553,-10.99493394638908,-2.775075451167263,12.536665916442871,0.7398710250854492,08521868+1143246,11.59000015258789,11.35200023651123,11.258999824523926,AAA
604910443873993600,132.82635064638185,11.723653029684678,1.133188255371952,-11.31539360934493,-3.1058660008970516,13.27826976776123,0.7482070922851562,08511833+1143251,12.343000411987305,12.045999526977539,12.01200008392334,AAA
604904469575229696,132.9414876335358,11.735921979596027,1.1453005274060561,-10.950138276874945,-2.985389678677298,13.242063522338867,0.7311496734619141,08514597+1144093,12.319999694824219,12.064000129699707,12.0,AAA
604911478961895424,132.7990288171814,11.756134765684447,0.9783095374038498,-11.033516150873758,-2.407301764364216,10.008405685424805,-0.1020040512084961,08511178+1145220,10.13700008392334,10.223999977111816,10.227999687194824,AAA
604917285757662592,132.8418298007512,11.778044916604935,1.1692371122511642,-11.042586041245432,-3.0324878820281342,13.048145294189453,0.7472763061523438,08512205+1146409,12.116999626159668,11.869000434875488,11.781999588012695,AAA
604916564203137280,132.9051594687394,11.782137561557409,1.1426469907698855,-11.203190475984517,-3.0408304489035083,13.84825611114502,0.8152246475219727,08513724+1146557,12.78499984741211,12.458999633789062,12.42199993133545,AAA
604917560635577472,132.81145056489564,11.789993233352321,1.1505415402558807,-10.996764406915386,-2.8376167024299876,12.681729316711426,0.7354459762573242,08511476+1147238,11.746999740600586,11.494999885559082,11.430000305175781,AAA
604917453260607488,132.86951967073117,11.800595695400723,1.1273424033916668,-11.297816579310112,-3.2824495654134567,13.629350662231445,0.8505039215087891,08512869+1148021,12.526000022888184,12.164999961853027,12.07699966430664,AAA
604730192685958528,133.81561408099205,11.81623452838638,3.5059895731827484,-54.306692742152975,7.627711149771251,13.01159381866455,1.054396629333496,08551580+1148582,11.701000213623047,11.24899959564209,11.185999870300293,AAA
604917659419033600,132.8580872508589,11.819144373157416,1.1427199543664086,-11.284547345415257,-2.6676918088649884,13.090845108032227,0.7459774017333984,08512595+1149089,12.144000053405762,11.890000343322754,11.807000160217285,AAA
604918144751101440,132.87074596744992,11.84252187991014,1.1786681739848954,-11.006153622351537,-3.035254719334308,10.236862182617188,1.2579421997070312,08512898+1150330,8.565999984741211,8.071999549865723,7.958000183105469,AAA
604964904059073024,132.44207766707777,11.84312983902318,0.8530811800023188,-8.77496704812617,5.440261697059189,11.80811595916748,1.1647300720214844,08494611+1150351,10.317000389099121,9.791999816894531,9.666000366210938,AAA
604918247830309376,132.88293843194865,11.854615380482143,1.1551143577898344,-10.961253603828661,-3.025583350406814,13.851269721984863,0.8010158538818359,08513191+1151166,12.835000038146973,12.503000259399414,12.442000389099121,AAA
604920957953908864,132.8066858189857,11.855077647183508,1.1547919457577276,-10.991314316018503,-3.118405635862671,13.462174415588379,0.7255086898803711,08511362+1151182,12.555000305175781,12.27299976348877,12.225000381469727,AAA
604921202767811712,132.8743622880794,11.858310365801898,1.1174759203666238,-11.190023959615317,-2.577292035663022,13.176509857177734,0.6583757400512695,08512985+1151299,12.319999694824219,12.121000289916992,12.027999877929688,AUA
598974799070364928,132.11110013240977,11.86200472499462,0.981563022832248,-10.664830181324747,-2.986254891845687,13.133861541748047,0.7269105911254883,08482667+1151433,12.208999633789062,11.95300006866455,11.913999557495117,AAA
604938721938124416,133.36123290755913,12.004980695979924,1.0969313094929534,-10.35820283698298,-4.242521171913842,13.67120361328125,0.8069868087768555,08532673+1200179,12.619000434875488,12.305999755859375,12.269000053405762,AAA
604995557241423488,132.86824245628247,12.054594721514993,3.236482509901652,-14.625095569518995,11.43569830957364,12.80445671081543,0.8961515426635742,08512839+1203162,11.656999588012695,11.28499984741211,11.218000411987305,AAA
604948862357149184,132.97156563582467,12.058883053659038,1.1287080324056935,-10.998794663051527,-3.2501542676336257,13.758010864257812,0.7705841064453125,08515318+1203320,12.78499984741211,12.539999961853027,12.460000038146973,AAA
604946835132357120,133.14221181714262,12.074767164470487,1.1248375260764827,-10.929379469928438,-3.2722120498825147,13.109818458557129,0.7485132217407227,08523413+1204292,12.161999702453613,11.906000137329102,11.845999717712402,AAA
604991807734206848,132.47364952012154,12.185968263936147,21.778931131569085,0.2434098402199103,15.446499579032897,12.080584526062012,2.056389808654785,08495368+1211092,9.744999885559082,9.14799976348877,8.949999809265137,AAA
604954458698289536,133.3840240270482,12.186190891426879,0.8028434103683946,-1.9157414964456714,-3.233403485023669,13.609750747680664,0.7184133529663086,08533218+1211102,12.692999839782715,12.437000274658203,12.36400032043457,AAA
607991829506000256,132.03133963119168,12.186803262781613,0.4400478065366957,1.843937475053969,-4.094272418601681,12.518084526062012,1.2985000610351562,08480751+1211126,10.87600040435791,10.34000015258789,10.192000389099121,AAA
604995140628826112,132.5419508450767,12.295318213075745,1.5848527417362421,-10.004048609125281,-10.934611207117376,13.75062370300293,0.8617286682128906,08501008+1217433,12.746000289916992,12.40999984741211,12.315999984741211,AAA
605008884523860864,132.98188174877788,12.299260073253157,1.1754650006147955,-10.941211405658718,-2.744644610192911,12.787833213806152,1.010664939880371,08515567+1217573,11.515999794006348,11.114999771118164,11.005000114440918,AAA
605015309794935552,132.83369483278867,12.302883758277034,1.172402697847742,-11.071971635686753,-3.012712593045652,8.858565330505371,1.6367263793945312,08512010+1218104,6.809000015258789,6.116000175476074,5.933000087738037,AAA
605016241803914368,132.74152289647643,12.30891535242155,1.2166316306640776,-10.982977311537088,-3.107753778659629,12.464716911315918,0.7882070541381836,08505798+1218321,11.46399974822998,11.192999839782715,11.145999908447266,AAA
605020605490689280,132.68213668810247,12.391736061885375,0.7327178749756671,-4.933112551764722,-2.3583822510906387,13.550413131713867,0.8276128768920898,08504372+1223303,12.53499984741211,12.22700023651123,12.190999984741211,AAA
605026206128002432,132.82704109851446,12.432076606343324,0.8712345440911693,-17.399418394308356,-5.504230638484423,13.53943920135498,0.9504156112670898,08511851+1225554,12.32699966430664,11.902000427246094,11.843000411987305,AAA
605103343740165504,133.32362265982292,12.440763471475824,1.5539544870271196,-9.935042267027177,18.71864575912382,12.564566612243652,0.6943731307983398,08531769+1226263,11.663999557495117,11.411999702453613,11.362000465393066,AAA
608044258171165824,132.2480932613694,12.620659586342612,0.8776234880139405,2.7241143533924177,0.3296772131496327,13.143627166748047,1.1904716491699219,08485953+1237144,11.63599967956543,11.17199993133545,11.022000312805176,AAA
598620245225724928,133.232735716379,10.945215087463337,14.503181255741397,25.890821200372823,111.49331407036362,13.059782981872559,2.0626039505004883,08525582+1056409,10.781000137329102,10.164999961853027,9.885000228881836,AAA
605122550833920256,133.1290566809491,12.663373897400707,1.6333320123960875,-15.058032053394436,0.5475227383142748,12.075056076049805,0.6042108535766602,08523099+1239481,11.293999671936035,11.10099983215332,11.055000305175781,AAA
598851623704090240,132.27813410955045,11.076441319138645,0.9732717663231566,-5.424349917627511,-0.8655204930692877,13.120237350463867,0.7178287506103516,08490676+1104351,12.192999839782715,11.951000213623047,11.901000022888184,AAA
598682745590095360,132.83856589222958,11.116216101748137,4.8519665172526745,-45.09112874176104,-18.438382219711666,12.280808448791504,1.0467681884765625,08512131+1106586,10.96399974822998,10.520000457763672,10.461999893188477,AAA
598694664123868416,132.82783049165235,11.28678519840778,3.916593434139265,-14.490985715601887,-7.575272018689413,10.74744987487793,0.6360435485839844,08511870+1117126,9.937000274658203,9.704999923706055,9.64900016784668,AAA
598868528695357952,132.24702683709543,11.289441267885241,0.8407318270886588,-16.353967896840114,1.1428047792067588,11.1292724609375,1.2039260864257812,08485930+1117220,9.555999755859375,9.074000358581543,8.923999786376953,AAA
604641067820289152,133.48468979161566,11.30914932468206,1.2112621785135451,-15.173320151382544,-5.4333751019448115,13.452075004577637,0.805262565612793,08535633+1118330,12.418000221252441,12.109999656677246,12.076000213623047,AAA
604689308892956416,133.44463634843422,11.391858039446946,1.1175597377427697,-11.162656897609352,-2.671287787813964,11.692680358886719,1.1556196212768555,08534672+1123307,10.225000381469727,9.729999542236328,9.62399959564209,AAA
604692710507065728,133.3474792373722,11.417958087043777,7.48277310139275,-35.89725307440625,-51.12603315108322,12.08320140838623,1.3251380920410156,08532342+1125053,10.427000045776367,9.885000228881836,9.788999557495117,AAA
598896841119762816,132.2760821371431,11.425153130885837,1.5365808273590238,13.714512623690911,-7.727783786054479,13.365557670593262,0.8296432495117188,08490624+1125308,12.279000282287598,11.991000175476074,11.923999786376953,AEA
604890416442278272,132.96205061012637,11.480127538898012,4.74587785628744,-40.78537864068235,-10.29180291622447,11.520841598510742,0.8939476013183594,08515094+1128486,10.387999534606934,10.062000274658203,9.98799991607666,AAA
604706351323205632,133.22615423354057,11.496712427867587,0.42632815345579106,-1.3367481240130419,-2.1692542301887197,12.589812278747559,1.2034969329833984,08525428+1129482,11.045999526977539,10.456999778747559,10.383999824523926,AAA
598924569428525696,132.07261192614143,11.497782616586795,1.7903946710567549,13.107930197845246,-6.794750939556122,13.213199615478516,0.7980356216430664,08481741+1129521,12.187000274658203,11.895000457763672,11.802000045776367,AAA
604695734164025216,133.4134215236075,11.51018260721571,1.1580159094671614,-10.869609673384696,-2.7879555665604814,13.686262130737305,0.8467121124267578,08533923+1130367,12.652999877929688,12.319999694824219,12.263999938964844,AAA
598937145092774272,131.95197089204413,11.530840862067098,1.2159815117549344,-16.517155146106614,-16.233566425420598,13.244462966918945,0.8199672698974609,08474849+1131513,12.1850004196167,11.850000381469727,11.807999610900879,AAA
604895089366706304,132.84976910451695,11.580653764401506,1.1392711511157656,-10.926635324562387,-2.9569290212141075,13.862154960632324,0.8866338729858398,08512395+1134504,12.753000259399414,12.407999992370605,12.38599967956543,AAA
604711299125433216,133.1811823649332,11.61365892730899,2.622997807931796,15.394953346843021,-31.323411676432123,13.664941787719727,1.0171146392822266,08524347+1136497,12.37399959564209,11.982999801635742,11.902999877929688,AAA
604896837417607808,132.89348112544673,11.632609571625212,1.1986323362760365,-10.78958135417184,-2.5260249874624843,13.040115356445312,0.7442293167114258,08513444+1137574,12.10200023651123,11.86400032043457,11.777999877929688,AAA
604897803786032768,132.82328138687603,11.66001330729278,0.9729556203147747,-8.253676383052577,-0.8388527522391033,13.424559593200684,0.7503433227539062,08511759+1139359,12.5,12.227999687194824,12.154000282287598,AAA
604911749544005632,132.64323407110425,11.665743850429896,1.2205256408091743,-10.848880243869571,-2.7539632179016245,12.478205680847168,0.7679452896118164,08503438+1139566,11.512999534606934,11.244000434875488,11.177000045776367,AAA
604736617957036288,133.3478597876916,11.704900174236291,0.9395018750892457,-0.3169652109568376,-4.717485313234044,13.969656944274902,0.7303133010864258,08532348+1142176,13.04800033569336,12.842000007629395,12.751999855041504,AAA
604900690003981312,133.06933120630285,11.70832030283156,1.2229473226205823,-10.962350729601894,-2.812659966938244,13.350618362426758,0.7279262542724609,08521664+1142300,12.402999877929688,12.144000053405762,12.104000091552734,AAA
604910860486613632,132.77393574800624,11.729701204963089,1.1338053733285154,-10.945386861200628,-2.565819073794166,13.871636390686035,0.8684749603271484,08510576+1143469,12.76099967956543,12.413000106811523,12.345000267028809,AAA
598955561913661440,132.5024000826038,11.732721760168124,2.516535595264214,-5.236979930874854,-3.5128159729116635,10.691895484924316,1.0257549285888672,08500058+1143578,9.369000434875488,8.942000389099121,8.866000175476074,AAA
604912780336153856,132.67311589297097,11.741695734052184,1.4103128073884854,-13.368797229719949,0.8201829861966258,12.168113708496094,0.9539957046508789,08504156+1144300,10.96399974822998,10.555999755859375,10.47599983215332,AAA
604916426764198400,132.87226121480754,11.757667127201513,1.1971104721244714,-10.76908228401133,-2.838370929328335,12.669828414916992,1.085078239440918,08512935+1145275,11.286999702453613,10.86400032043457,10.753999710083008,AAA
604916461123940992,132.85407293982652,11.761929442391432,0.9105164396273551,-10.954357137701049,-3.0545456261730752,13.971025466918945,0.7604703903198242,08512498+1145428,13.031999588012695,12.748000144958496,12.692000389099121,AAA
604906290641339776,133.01145380646867,11.767735075761584,1.174805110038957,-11.022991108446831,-3.1030390107828554,13.031915664672852,0.7444562911987305,08520276+1146039,12.074999809265137,11.810999870300293,11.736000061035156,AAA
604914846216261504,132.74541789668467,11.805345149327437,1.1200940957910757,-11.368039382393302,-4.019553221915812,13.63701057434082,0.7609691619873047,08505891+1148192,12.647000312805176,12.343999862670898,12.321999549865723,AAA
604920515573076352,132.80089214443902,11.809643484926914,1.170970523788535,-10.966427647421286,-3.076086308524411,13.754308700561523,0.7557182312011719,08511223+1148347,12.788000106811523,12.520000457763672,12.468999862670898,AAA
598959753800573568,132.4310644207243,11.810727902569244,3.495791712902764,-3.908892243200567,-7.0144605059754594,10.456304550170898,0.6354618072509766,08494346+1148386,9.642000198364258,9.454999923706055,9.36299991607666,AAA
604914944999667328,132.74593915519185,11.815975991085903,1.1447604074712505,-11.019903588870275,-2.706458260472761,13.409649848937988,0.7435445785522461,08505903+1148576,12.38599967956543,12.206000328063965,12.093999862670898,AAA
604961163143414912,132.5838118186337,11.819730066965864,1.1604695647934127,-10.799612437851867,-3.0503189827838506,13.447599411010742,0.7304658889770508,08502012+1149110,12.532999992370605,12.29800033569336,12.244999885559082,AAA
604917934296937344,132.91341313065172,11.834389287204552,1.1954023448326823,-11.010030626412206,-3.1546867036372594,12.105291366577148,0.7382268905639648,08513923+1150038,11.178999900817871,10.911999702453613,10.840999603271484,AAA
604929719687195648,133.14771899911233,11.842852851433525,2.159609854851625,-32.72107456124531,4.4446865438875065,13.222647666931152,0.9103031158447266,08523547+1150342,12.048999786376953,11.75100040435791,11.569999694824219,AAA
604918213472162432,132.89293114779957,11.852903646602671,1.1661036323714533,-10.599170365839893,-2.7670431843476946,10.878589630126953,0.3402280807495117,08513431+1151104,10.428000450134277,10.317999839782715,10.269000053405762,AAA
604921958681906176,132.73200070279952,11.870734183337936,1.1535896792674465,-11.319337720824436,-2.974671033704088,11.82917594909668,0.7637090682983398,08505569+1152146,10.85200023651123,10.586000442504883,10.515000343322754,AAA
604921821242942464,132.77046946681625,11.873921747812334,1.1035419930331989,-10.5172070193173,-3.2066819570468885,13.69983196258545,0.7550668716430664,08510492+1152261,12.718000411987305,12.479999542236328,12.395000457763672,AAA
604921374566323200,132.8339382340836,11.879991144648056,1.1344629850534564,-11.10349207367257,-3.171088218661551,13.720304489135742,0.7516946792602539,08512015+1152479,12.772000312805176,12.545000076293945,12.456999778747559,AAA
604967828932850816,132.50998854007574,11.923492153265483,2.2554815462012265,-5.723992579520807,-16.55496166198791,8.684303283691406,1.2149982452392578,08500240+1155247,7.077000141143799,6.565000057220459,6.448999881744385,AAA
604923848467467648,132.86615190719334,11.928030936523623,1.1501108560585707,-11.065444578233787,-2.4014324273925496,13.16091251373291,0.7864112854003906,08512788+1155409,12.168000221252441,11.831000328063965,11.812999725341797,AAA
604747441274618112,133.6298732810968,11.94146593079733,2.3155915610036524,-13.643289294940939,2.6222558182644704,13.300463676452637,0.8835220336914062,08543119+1156289,12.178000450134277,11.878999710083008,11.756999969482422,AAA
604978617890520064,132.38196709556294,11.95544557409199,1.083396491583073,-4.626283752225378,3.391968421563112,13.67056941986084,0.8887739181518555,08493168+1157195,12.54800033569336,12.206999778747559,12.131999969482422,AAA
604839044337123712,133.779271431869,12.011080016622762,0.8308343417125151,2.3532900774086443,-2.1976081896748347,13.707696914672852,0.6071529388427734,08550702+1200401,12.946000099182129,12.75100040435791,12.692000389099121,AAA
604974322923169152,132.66487216005032,12.04251345658294,17.40886546057584,139.24034634961,-36.29515410375184,13.603463172912598,2.33984375,08503940+1202338,11.062999725341797,10.505000114440918,10.267000198364258,AAA
605030810332540288,133.56217243565067,12.066779116493805,1.6647334181226752,9.720964028675446,-11.818708669588037,13.89570140838623,0.9360065460205078,08541492+1204005,12.763999938964844,12.378999710083008,12.3100004196167,AAA
604940822178327552,133.4167435523372,12.08373077442751,1.1254054713341581,-11.111906372632616,-2.866126133583757,13.923843383789062,0.7804040908813477,08534004+1205014,12.92199993133545,12.663000106811523,12.586999893188477,AAA
601997597053299328,131.86327243469003,12.128828721228867,0.4718113325732749,-8.63286329989337,-0.08048776949087078,12.264605522155762,1.2104597091674805,08472719+1207438,10.711999893188477,10.16100025177002,10.024999618530273,AAA
604976556306118272,132.76246014520314,12.132281648879152,4.289515615579498,-7.7910014780390355,9.869072513203337,13.632500648498535,1.3777580261230469,08510300+1207560,11.970999717712402,11.420000076293945,11.258999824523926,AAA
605000951720348288,132.78947695115554,12.171852334898034,1.1317613850018318,10.13213313426601,-5.820498469758529,12.890716552734375,0.761627197265625,08510946+1210188,11.914999961853027,11.586999893188477,11.562999725341797,AAA
605036647192466944,133.52909515841603,12.204870983059239,0.8188156027657041,-4.757521989791634,-2.58056992338189,12.060572624206543,1.1972732543945312,08540699+1212175,10.508999824523926,10.03600025177002,9.90999984741211,AAA
604994045412975744,132.57780399214332,12.266945375472366,1.1463666453012733,-11.018179980135017,-2.964317461228734,13.986188888549805,0.7754030227661133,08501869+1216011,13.020000457763672,12.711999893188477,12.649999618530273,AAA
605050567182021376,133.49329087636812,12.29003125956243,1.682094506740398,-5.696903062485359,0.625527235529234,13.206489562988281,0.7186737060546875,08535840+1217240,12.28600025177002,12.032999992370605,12.005000114440918,AAA
607997327064152192,132.4245471600598,12.302892428739163,1.7143058978591952,-16.255678950966928,-9.569337131528204,13.021971702575684,0.8263559341430664,08494191+1218105,11.996999740600586,11.71500015258789,11.644000053405762,AAA
605101037342309376,133.25384248975615,12.370193849409716,1.6012014288815182,-8.295821546462513,3.991265840358769,9.322636604309082,1.1122570037841797,08530092+1222124,7.882999897003174,7.440999984741211,7.309999942779541,AAE
605052388248149504,133.48873336112638,12.384181478921846,0.6032292128958664,-5.930700020606219,-3.613754719339968,11.685389518737793,1.1849355697631836,08535731+1223031,10.14900016784668,9.640000343322754,9.510000228881836,AAA
605058332482881152,133.5238054795477,12.41131730814046,0.6866446986572419,-9.083888461232624,4.333948763573462,13.927413940429688,0.8294191360473633,08540576+1224401,12.050999641418457,11.734999656677246,11.666000366210938,AAA
605058332482467840,133.52416399712007,12.411011961985142,0.7705933041206385,-8.808032242576868,4.51540411874884,13.462326049804688,0.6605863571166992,08540576+1224401,12.050999641418457,11.734999656677246,11.666000366210938,AAA
605021116591933824,132.71325610359077,12.421787125300176,4.151734589886003,27.609576120076003,-34.7794344772104,10.527613639831543,0.6953811645507812,08505115+1225190,9.654999732971191,9.418999671936035,9.33899974822998,AAA
608014610012506496,132.26986847124104,12.42645471068176,0.9940707678965494,-4.191659485361972,-8.380626012652554,13.385053634643555,0.7161674499511719,08490477+1225354,12.432999610900879,12.218999862670898,12.137999534606934,AAA
608016534157850624,132.23892784157587,12.523167319323699,2.1883783678196385,-0.0621394683401808,-13.268788426050078,12.6617431640625,0.7651987075805664,08485734+1231237,11.6899995803833,11.381999969482422,11.333999633789062,AAA
605119282363411584,133.0997058533598,12.55030909032231,3.980521125589877,4.939009595544007,-10.674938950903098,12.762652397155762,1.0361137390136719,08522391+1233012,11.486000061035156,11.036999702453613,10.982000350952148,AAA
598848050291339008,132.3491606692541,11.027833179431573,1.14447609846565,8.373385457629961,-6.708566160457772,13.667141914367676,0.7588682174682617,08492378+1101402,12.678000450134277,12.395000457763672,12.342000007629395,AAA
608128748768300544,132.89182607069588,12.761424028967632,1.3778696978742506,-15.822040288941087,-12.774542241469463,13.899386405944824,0.8985528945922852,08513406+1245412,12.734000205993652,12.444999694824219,12.270999908447266,AAA
604633611757089280,133.35376416877173,11.168706368889525,1.2424176228874706,-2.3748852134988523,-22.064306872882312,13.876567840576172,0.90582275390625,08532490+1110076,12.734000205993652,12.364999771118164,12.298999786376953,AAA
604633229504945536,133.49037636433,11.199339428242,1.7564421006515458,-8.544937937852055,-4.4014137042036054,13.399746894836426,0.7913913726806641,08535769+1111576,12.371999740600586,12.071999549865723,12.008999824523926,AAA
604684532889373952,133.10942452354703,11.276102502624532,1.1489719174965263,-10.883061410344045,-2.6649373695306355,13.135401725769043,0.7453088760375977,08522627+1116340,12.185999870300293,11.88700008392334,11.82800006866455,AAA
604682501369762048,133.34051923140788,11.28739417204468,1.1498992967697386,-11.086915216998143,-2.819519237402187,13.767610549926758,0.7681093215942383,08532173+1117146,12.821000099182129,12.505999565124512,12.477999687194824,AAA
598880034912375296,132.55886145640542,11.316648861982227,1.8667077335577926,-17.001509683736835,1.2267320459598094,12.612165451049805,0.7257728576660156,08501415+1118599,11.706999778747559,11.456000328063965,11.39799976348877,AAA
598886735063684480,132.58939005921115,11.374038018835146,0.4753808495158929,0.25423396792780867,-0.7650979106698557,12.008596420288086,1.132171630859375,08502145+1122265,10.560999870300293,10.043000221252441,9.956999778747559,AAA
598887594054812288,132.57755317060142,11.407827304973624,1.8642634783410874,-3.4350028533059467,-4.2367419548196725,8.44717788696289,1.2570438385009766,08501862+1124283,6.800000190734863,6.263000011444092,6.129000186920166,AAA
598896458867311104,132.25589880390748,11.415188169669777,0.42201600853218646,0.23676612426179897,-2.21474654156216,12.61189079284668,1.2413873672485352,08490142+1124548,11.020999908447266,10.428000450134277,10.319999694824219,AAA
598894916974397696,132.4266570786717,11.43730827456068,1.062263625841606,-6.326076841104551,-8.149369165778314,12.681845664978027,0.7525873184204102,08494240+1126145,11.696000099182129,11.470000267028809,11.38599967956543,AAA
598885944787392000,132.79650541694713,11.443016079770695,1.2220427845540116,-11.102249600810506,-3.0425244615917917,13.710827827453613,0.7520732879638672,08511117+1126349,12.78600025177002,12.470000267028809,12.418999671936035,AAA
604891481594176384,132.89518984628128,11.51851904430572,0.775270555591721,-6.861741715063774,4.606667610511709,13.883233070373535,0.6537027359008789,08513485+1131066,13.050000190734863,12.800999641418457,12.739999771118164,AAA
604891722112350976,132.85354830140668,11.528599290835023,1.068603968367988,0.7776130085893895,3.4213220503278747,13.811379432678223,0.6947574615478516,08512484+1131429,12.932000160217285,12.675999641418457,12.616999626159668,AAA
598904434621915648,132.46745032689606,11.546701590991397,0.9162695121955877,3.254614052082527,-6.735428106408675,13.626238822937012,0.7633819580078125,08495218+1132483,12.630000114440918,12.361000061035156,12.312999725341797,AAA
604893165221338752,132.95177495060736,11.554387879369513,0.8252784835381145,-7.954145306335643,-0.5126980040832563,11.73848819732666,1.163644790649414,08514843+1133157,10.23900032043457,9.736000061035156,9.651000022888184,AAA
604907454576711040,132.73191346535205,11.593182183493196,1.1810987393994719,-10.884446225477612,-2.6286636496736335,13.221919059753418,0.7373275756835938,08505567+1135354,12.293999671936035,12.041000366210938,11.958999633789062,AAA
604893882480109056,132.96618596563215,11.613176638948199,1.102014663833797,-18.268470155340363,5.449365096970462,13.984864234924316,0.7169771194458008,08515190+1136472,13.059000015258789,12.77299976348877,12.76200008392334,AAA
604709306260679680,133.34863262493116,11.622655371850152,1.3153558768675266,-14.194651698137186,7.190700878763526,13.962355613708496,0.8839426040649414,08532368+1137214,12.86400032043457,12.57699966430664,12.503999710083008,AAA
604733598595688064,133.5064483252769,11.659440427291935,1.3669854255495884,-20.20498209467473,-9.483575004203177,13.346155166625977,0.7696666717529297,08540157+1139340,12.321000099182129,12.003000259399414,11.970000267028809,AAA
604713463788946560,133.2484562564359,11.678151350650824,1.1351720682894442,-9.194996353148728,-3.9296821747117496,12.453173637390137,0.7689599990844727,08525964+1140414,11.48799991607666,11.196000099182129,11.151000022888184,AAA
598965693739703424,131.94867076939198,11.678140230690303,0.9515656518112957,1.572861892494255,-0.07444172892481163,13.252397537231445,0.7150859832763672,08474768+1140414,12.366000175476074,12.11400032043457,12.031999588012695,AAA
598958684353074048,132.2492939416199,11.747583445858773,1.0719890789790363,-7.791177736223883,-3.349839654077107,12.789717674255371,0.5868635177612305,08485984+1144514,12.022000312805176,11.845999717712402,11.77299976348877,AAA
604911337227185920,132.83837961665486,11.764643151338875,1.174836191439256,-11.719914909379376,-2.2317373233772706,12.110562324523926,0.750579833984375,08512122+1145526,11.135000228881836,10.887999534606934,10.835000038146973,AAA
604911547681373184,132.78594423114305,11.769934829752874,1.1187219312607466,-10.809441574833876,-3.0972147807244053,13.283350944519043,0.7329940795898438,08510864+1146117,12.364999771118164,12.079000473022461,12.015999794006348,AAA
604917285757663872,132.83289299566326,11.783437016563388,1.1179582584779246,-11.660041645571285,-4.244955575270735,12.022738456726074,0.6156330108642578,08511990+1147003,11.204999923706055,11.020999908447266,10.989999771118164,AAA
604917354477128448,132.87455586768024,11.788004957491042,1.1672326381545282,-11.395968267451691,-3.298903330545701,9.234211921691895,1.487131118774414,08512990+1147168,7.314000129699707,6.681000232696533,6.488999843597412,AAA
604914807560715776,132.72147078901816,11.792819741066614,1.1836007680559986,-10.905978780073902,-3.455430791136462,13.150157928466797,0.763911247253418,08505316+1147341,12.17300033569336,11.878999710083008,11.819000244140625,AAA
604917045239468544,132.91266321981394,11.798712202154752,1.1531446485802408,-10.788181690663542,-3.0962831572234144,13.555791854858398,0.8233442306518555,08513904+1147553,12.50100040435791,12.199000358581543,12.145999908447266,AAA
604961678539503232,132.48804569286,11.814223461133764,2.6685891173443395,2.0893093280320514,-4.596820982445913,11.263959884643555,0.6315431594848633,08495712+1148512,10.437999725341797,10.232000350952148,10.180000305175781,AAA
604917835513456512,132.88576013498908,11.814459418206555,1.122584325468417,-11.177682927891727,-3.1110125342820814,11.031843185424805,0.28442955017089844,08513259+1148520,10.645000457763672,10.541000366210938,10.526000022888184,AAA
604926631606409600,133.23432987976173,11.814967642336816,1.1664806125391356,-11.143790670490574,-2.981429492685021,12.279007911682129,1.1526117324829102,08525625+1148539,10.83899974822998,10.3149995803833,10.223999977111816,AAA
604920648716270848,132.82720496614647,11.822630402974745,1.1465633762064429,-11.127926639711383,-2.742093734453843,12.49255657196045,0.7821550369262695,08511854+1149214,11.505999565124512,11.229000091552734,11.145000457763672,AAA
604920786155223552,132.7717921169326,11.826132729168837,1.1705226025286304,-10.731187040613,-3.0808784715450286,13.61203670501709,0.7541913986206055,08510524+1149341,12.64799976348877,12.348999977111816,12.281999588012695,AAA
604914983655018496,132.75640409617554,11.826187033639433,1.226805421256137,-11.528608769854998,-3.31178943714422,12.506424903869629,0.7905750274658203,08510155+1149342,11.496999740600586,11.204999923706055,11.135000228881836,AAA
604920687371751936,132.83380736373863,11.83978233596769,1.13939745499583,-11.03174515596189,-2.7026667738845536,13.801401138305664,0.7613258361816406,08512012+1150231,12.843000411987305,12.586999893188477,12.505999565124512,AAA
604918831945837312,132.9833092588771,11.85732935077166,2.0087919492500825,-8.933011203364902,-9.206642860198182,10.533549308776855,0.3204622268676758,08515600+1151264,10.097000122070312,10.052000045776367,9.979999542236328,AAA
604921542069455104,132.83651361608563,11.890588898592744,,,,11.860857009887695,0.5723552703857422,08512079+1153261,10.279999732971191,10.079999923706055,10.006999969482422,AAA
604921546365012480,132.83663273612348,11.890591062381452,,,,11.62085247039795,0.5752134323120117,08512079+1153261,10.279999732971191,10.079999923706055,10.006999969482422,AAA
604978102494447744,132.36203895899553,11.911604139282009,1.3668393420388716,-5.050114493400273,4.598809311300991,12.678183555603027,1.1695890426635742,08492689+1154417,11.154999732971191,10.654000282287598,10.538000106811523,AAA
604924393927734528,132.89746945791592,11.965697024871444,1.214340719579074,-11.19100585576789,-2.822163685028157,12.607555389404297,0.9111614227294922,08513540+1157564,11.446999549865723,11.142999649047852,11.029999732971191,AAA
604937729801869056,133.53973540421316,12.060178342789918,6.008151959743566,-1.9185048954299266,-30.474845397903188,10.743813514709473,0.7631549835205078,08540955+1203371,9.789999961853027,9.5,9.434000015258789,AAA
607989080726947840,132.29793708591745,12.188244399747857,0.4080369227985048,-2.648706411710041,-1.7084806511385366,10.967781066894531,1.5820636749267578,08491149+1211177,9.0,8.265999794006348,8.083000183105469,AAA
604999371172329856,132.99742560676222,12.230743611941872,1.207512707657743,-4.121944168666599,-16.610740551252636,13.880749702453613,0.8352479934692383,08515939+1213509,12.821000099182129,12.536999702453613,12.442999839782715,AAA
608004680049143552,131.9735159104052,12.231783656321435,4.017366764298704,2.9006157878708523,-28.102835189331934,13.205367088317871,1.0186948776245117,08475364+1213548,11.684000015258789,11.258000373840332,11.175000190734863,AAA
608007738064851584,132.07429849994517,12.369348978626032,1.1817118895799714,-10.810906010338787,-2.9901073744271063,12.553449630737305,0.8988428115844727,08481784+1222097,11.406000137329102,11.062000274658203,11.020999908447266,AAA
605012256074566784,133.01090607044566,12.431710016356613,1.0606590273372372,-7.078225027477577,-3.354908794246109,9.628464698791504,1.3929977416992188,08520262+1225541,7.8379998207092285,7.196000099182129,7.043000221252441,AAA
605104821208904320,133.35745309389537,12.512187204784276,1.0806788027502852,-10.973265402109288,-2.9366322031146774,13.7166748046875,0.7548637390136719,08532580+1230439,12.75,12.505000114440918,12.42300033569336,AAA
598655768900030336,132.6103019881318,10.914676888027635,2.2460896222550977,0.7418364588448976,-4.524037341790061,9.999457359313965,1.1541833877563477,08502647+1054529,8.520999908447266,8.074999809265137,7.914000034332275,AAA
608128959221273088,132.96874877453118,12.727156596170504,1.494051697404458,0.1065021032022615,-11.143122260282336,13.133476257324219,0.78155517578125,08515250+1243378,11.991000175476074,11.711000442504883,11.659000396728516,AAA
598851207091897088,132.28001308888216,11.045096633926752,1.41835346447065,8.897450384480269,-10.886673853046346,13.411865234375,0.7791662216186523,08490719+1102425,12.425999641418457,12.11299991607666,12.085000038146973,AAA
604631683316721024,133.24764551663907,11.115408543837793,0.8394808707317721,0.5421749665203475,-6.213462540392228,11.034340858459473,1.2763919830322266,08525943+1106554,9.428999900817871,8.894000053405762,8.696999549865723,AAA
598859797027643904,132.0615222564094,11.146063673641478,0.8745096645255601,-0.4137836171184289,-10.105158757730653,13.897449493408203,0.9849386215209961,08481476+1108460,12.692000389099121,12.258999824523926,12.187999725341797,AAA
604634367671325824,133.38812604773022,11.213692911569208,0.39254367668582335,-4.823669361559857,-0.8855271210961059,10.686502456665039,1.4105291366577148,08533316+1112491,8.880000114440918,8.218999862670898,8.121000289916992,AAA
598878183781818368,132.50016688390278,11.242437470530087,1.3151340118881683,-12.795743693407683,4.939163109188583,11.365226745605469,0.6538209915161133,08500005+1114327,10.5,10.303000450134277,10.229999542236328,AAA
598882130856416896,132.7423516632011,11.291656536538738,0.6831387823871164,1.8667724133482577,-12.996977350558007,11.433534622192383,1.1742162704467773,08505816+1117302,9.901000022888184,9.407999992370605,9.276000022888184,AAA
598880314085586432,132.54806364196762,11.32790108349041,1.2095120211207266,-11.008895868553974,-2.971665902079745,12.38857364654541,0.807856559753418,08501154+1119405,11.366000175476074,11.064000129699707,10.98900032043457,AAA
604687041150244608,133.27609474669111,11.380239114506358,1.803961038319625,-9.645625114062682,1.139145533439382,12.47075366973877,0.6493492126464844,08530627+1122488,11.638999938964844,11.4350004196167,11.378999710083008,AAA
598895398010754432,132.2869723658998,11.38021494503235,5.598710764565958,38.568047173277954,-49.369727235541504,10.855977058410645,0.793828010559082,08490883+1122497,9.838000297546387,9.583000183105469,9.491000175476074,AAA
598919999583437440,132.12566837794577,11.398944488129779,3.2728368343547585,9.07631727311626,-17.3187530039078,13.153234481811523,1.1149940490722656,08483014+1123564,11.78600025177002,11.385000228881836,11.24899959564209,AAA
598922503548584192,131.94496541284383,11.416464129110054,1.2309344723590803,-6.338792891592471,-19.172798099168705,12.3739595413208,1.2045555114746094,08474679+1124595,10.843999862670898,10.371000289916992,10.239999771118164,AAA
604701953276603520,132.95206704232163,11.427106639464892,1.1563356285063975,-10.918294172903781,-2.8265332596625363,12.962244987487793,0.7526273727416992,08514851+1125375,11.994000434875488,11.746999740600586,11.64799976348877,AAA
604714357142201600,133.63390668089767,11.462716058750523,3.303805899388731,2.7933435048693216,-52.79151355003039,13.281323432922363,1.231144905090332,08543213+1127466,11.684000015258789,11.154000282287598,11.053999900817871,AAA
604894367812207488,132.83045356425686,11.542748987956164,0.9466873152045614,-5.661545270870265,-6.007566243365886,13.602120399475098,0.6759700775146484,08511931+1132340,12.758000373840332,12.508999824523926,12.45300006866455,AAA
598907286480190720,132.4922618549591,11.612850888184592,1.80989662052725,-34.439948001846005,-15.175166470132337,13.658480644226074,0.8833036422729492,08495818+1136466,12.517000198364258,12.197999954223633,12.11299991607666,AAA
604903026466307840,132.97925790423926,11.680642828614753,1.1620889654408315,-10.93324782128227,-3.082821477005774,13.872695922851562,0.8768215179443359,08515503+1140503,12.734999656677246,12.432000160217285,12.340999603271484,AAA
604904297776551680,132.91136132228402,11.710377882388086,1.1001952338359602,-11.039626963471143,-2.8330817111997577,13.978697776794434,0.7771692276000977,08513873+1142373,12.970999717712402,12.729999542236328,12.64799976348877,AAA
604917560635575808,132.81430795998233,11.792065766969978,1.066185533544451,-11.499383844853241,-2.4019807963016895,12.54517650604248,0.6628522872924805,08511544+1147313,11.708000183105469,11.475000381469727,11.430000305175781,AAA
604915322956791168,132.66991747450348,11.79616272342744,1.1696899848253275,-11.005732885951636,-2.932879846151657,12.700096130371094,0.7073688507080078,08504079+1147462,11.793000221252441,11.539999961853027,11.498000144958496,AAA
604917388836860416,132.8849583014752,11.800328926927751,1.3354851360420876,-11.11633916443352,-2.535398426682084,12.55240249633789,0.9866180419921875,08513240+1148011,11.284000396728516,10.901000022888184,10.821999549865723,AAA
604918591427678848,132.95806939630876,11.825319991847184,1.209293745283163,-11.374889901377525,-2.9478767063907396,12.475286483764648,0.7719688415527344,08514994+1149311,11.494000434875488,11.196000099182129,11.14799976348877,AAA
604921512005265664,132.86420507379762,11.890704974736725,1.1336331819521603,-10.847552173393598,-2.9421103046705994,12.605677604675293,0.7479524612426758,08512742+1153265,11.666999816894531,11.381999969482422,11.342000007629395,AAA
604943639676920448,133.03546270485344,11.92790698269053,1.2228289462132125,-6.193771583281485,5.695018617250449,12.903277397155762,0.9122610092163086,08520851+1155404,11.711000442504883,11.371999740600586,11.310999870300293,AAA
604968413048207488,132.52437309676594,11.964084384933056,1.0377885167963397,-13.841420646974065,-8.658512796987482,11.157083511352539,1.2622442245483398,08500587+1157508,9.550000190734863,9.008999824523926,8.854000091552734,AAA
604972639295954816,132.77212386143142,12.050355194815104,2.337217283483849,-6.459773695869295,0.669539760709631,12.696248054504395,0.7614364624023438,08510531+1203012,11.723999977111816,11.48799991607666,11.39900016784668,AAA
604974357282901504,132.67753031706644,12.052784525865373,1.1469923387426275,-10.692609817504035,-2.7674159162493943,13.223672866821289,0.7183370590209961,08504262+1203101,12.305999755859375,12.088000297546387,12.043000221252441,AAA
604949888853089664,133.13624099159514,12.106948114172301,1.1697270637570327,-10.926901848704425,-3.0662190355824595,12.519697189331055,0.7566509246826172,08523270+1206250,11.560999870300293,11.307000160217285,11.265000343322754,AAA
604954497354194688,133.39519539153562,12.196440569916275,1.1884834900705392,-11.04019924652344,-2.9561611019010794,12.735570907592773,0.6978006362915039,08533487+1211472,11.833999633789062,11.623000144958496,11.560999870300293,AAA
604956765096720640,133.19988557719608,12.20270845496588,3.173433330019788,-29.14518351074735,-2.800381486991295,12.833353996276855,0.9331607818603516,08524800+1212097,11.661999702453613,11.307000160217285,11.241000175476074,AAA
605052834924777472,133.30960913509173,12.297192009888793,1.405972374786934,0.3217090835901869,-7.972809896697817,12.963163375854492,0.7486505508422852,08531430+1217499,12.019000053405762,11.767000198364258,11.694000244140625,AAA
608000041483441920,132.28407096886014,12.334845841047375,1.143263440954867,-10.760951346369048,-2.99291360558695,13.641136169433594,0.7462749481201172,08490818+1220055,12.694000244140625,12.444999694824219,12.401000022888184,AAA
608013544860629376,132.149546391531,12.398572538828976,1.5008180434889389,-12.807743417539916,-15.058332177739022,12.285550117492676,0.6518831253051758,08483590+1223552,11.413999557495117,11.215999603271484,11.164999961853027,AAA
605022323477552000,132.93950703909917,12.399241643354346,0.8365658252985575,-4.5870007722667525,-2.4817833504646862,13.87472152709961,0.7070293426513672,08514548+1223571,12.963000297546387,12.670999526977539,12.614999771118164,AAA
605025548998116480,132.98763815729478,12.497662855226482,1.1475886193176104,-11.068197192355083,-2.933205794823629,12.889450073242188,0.7258367538452148,08515704+1229515,11.960000038146973,11.715999603271484,11.67300033569336,AAA
598638902563740672,132.8567342718141,10.818079400239602,1.462564875189945,-7.946566680540167,0.2703672045869159,12.50728702545166,0.7019481658935547,08512562+1049051,11.619999885559082,11.392000198364258,11.309000015258789,AAA
605108635139883264,133.18893248676122,12.549435514075132,2.0514530889515306,-29.10866251060341,-12.734443227458286,12.8158597946167,0.8773517608642578,08524537+1232581,11.72700023651123,11.428000450134277,11.34000015258789,AAA
608042402745292032,132.38274670350543,12.650436221423554,0.6778649219916381,-3.3276638994486603,-0.7799016813281376,13.118704795837402,0.49541187286376953,08493185+1239014,12.486000061035156,12.321000099182129,12.302000045776367,AAA
598672506387804800,133.03095837907466,11.06463400088933,1.339779347439957,1.8412771528864265,-32.28155866842418,12.88732624053955,0.8834724426269531,08520742+1103531,11.736000061035156,11.446000099182129,11.37399959564209,AAA
598690820128344832,132.99692437848657,11.21032443912111,3.9610665884501692,-28.8058444648204,2.060959085525365,12.79970932006836,1.0501680374145508,08515930+1112371,11.520000457763672,11.08899974822998,11.005000114440918,AAA
598890862525289216,132.3563082549561,11.279104326221473,3.676509704449655,-22.543071949986455,-7.560495455964535,12.33117389678955,1.0639238357543945,08492553+1116449,10.970000267028809,10.54800033569336,10.45199966430664,AAA
604685628105952512,133.2436766954602,11.31496517664044,0.424161606353506,-2.793401242406811,-8.938856066545563,12.97418212890625,1.2199888229370117,08525848+1118539,11.442000389099121,10.847999572753906,10.744999885559082,AAA
598895982125712768,132.33957132307003,11.425965990840263,1.6387814910804532,0.03103360977861286,1.4778161872102082,12.429305076599121,0.6784029006958008,08492149+1125333,11.538000106811523,11.279999732971191,11.241000175476074,AAA
598937042013562368,131.90904155683032,11.511412550604371,1.2896057850670155,-1.593837727582031,-12.015452336365621,13.785435676574707,0.8163213729858398,08473817+1130412,12.744000434875488,12.4350004196167,12.331999778747559,AAA
598925943818062208,132.00807064916873,11.563570223145039,4.225149056823163,-5.36833473231024,-5.9315061495448065,13.223894119262695,1.1780071258544922,08480194+1133490,11.89799976348877,11.23900032043457,11.234999656677246,UAU
604717342143816064,133.66088609502643,11.57253356941447,2.1304673129256364,-12.97901263108772,-9.095286647616117,12.24488639831543,0.6662817001342773,08543863+1134213,11.402000427246094,11.156000137329102,11.128000259399414,AAA
598946559661053568,132.34229404460226,11.57517178597222,0.9336138387879811,7.364093291645157,-5.313497453219268,13.808276176452637,0.7569494247436523,08492213+1134307,12.83899974822998,12.541999816894531,12.45199966430664,AAA
604708992727391488,133.35687207555054,11.599128171222528,1.1541648812691807,-11.28038183067074,-3.0358414581482482,13.384029388427734,0.7267656326293945,08532566+1135568,12.45300006866455,12.166999816894531,12.13700008392334,AAA
598907389559404544,132.48942962676736,11.635470704606124,1.0247844965976887,-4.0556592623508685,-7.343481897853234,13.537103652954102,0.7591342926025391,08495746+1138079,12.567000389099121,12.282999992370605,12.229999542236328,AAA
604908146067299712,132.7354782659877,11.635603634195128,1.1863568069071122,-10.926584592238708,-2.9209529809706103,13.98123836517334,0.7815771102905273,08505653+1138081,12.973999977111816,12.680000305175781,12.640000343322754,AAA
604735007344961792,133.45922238965457,11.718845755231884,1.196853307355594,-11.19689067130405,-2.7530700425465913,12.445137977600098,0.7580556869506836,08535022+1143078,11.456999778747559,11.1899995803833,11.154999732971191,AAA
598958345051315712,132.22484075805184,11.739667029925762,0.7143680617567862,-2.542101559338068,-0.019307012938302046,13.930402755737305,1.0278959274291992,08485396+1144228,12.616000175476074,12.151000022888184,12.090999603271484,AAA
604902717228530304,133.1177344646731,11.75472545156497,9.491171716862127,19.163339756202056,0.1270352704348234,13.618997573852539,2.3158483505249023,08522822+1145170,11.093000411987305,10.472999572753906,10.248000144958496,AAA
604914536978619520,132.74674931693474,11.770265596908839,1.2153311038787973,-10.910390323182911,-2.874539478174464,13.296778678894043,0.7922792434692383,08505923+1146129,12.270999908447266,11.998000144958496,11.934000015258789,AAA
604917320117398528,132.84913659265166,11.78778762734426,1.5846321187428503,-10.086317364210746,-2.9861409607634197,12.632658958435059,0.9622716903686523,08512380+1147160,11.409000396728516,11.008000373840332,10.95300006866455,AAA
604915189813463808,132.69855150188008,11.797939442900473,1.1166606019374001,-11.158271216387444,-3.077473920196346,13.469440460205078,0.7275123596191406,08504766+1147525,12.545999526977539,12.260000228881836,12.23900032043457,AAA
604917594995372544,132.8211975772199,11.804479120262537,1.1620566566117003,-11.379390539143596,-3.0624987384080717,9.921911239624023,1.4008808135986328,08511710+1148160,8.140000343322754,7.526000022888184,7.385000228881836,AAA
604920549932808320,132.81265751758596,11.822526102605199,1.136264899751253,-11.01222952824843,-2.6930481618445015,13.987425804138184,0.7807102203369141,08511505+1149211,13.01200008392334,12.692000389099121,12.642000198364258,AAA
604927250081687808,133.34863132243473,11.823738991831462,17.254856505245986,-216.3657127313912,-263.45316617031955,13.340188980102539,2.2640562057495117,08532390+1149296,10.87399959564209,10.289999961853027,10.104000091552734,AAA
604920756091233408,132.82389034195504,11.834877952816734,0.9750133466241586,-10.557111739493799,-2.6739360387705338,13.358670234680176,0.7466926574707031,08511774+1150055,12.392999649047852,12.135000228881836,12.10099983215332,AAA
604917934296936704,132.92637138383867,11.835454589662037,1.1955166033196214,-11.020328143564376,-2.5837009860806655,11.3521728515625,1.1987409591674805,08514234+1150076,9.829000473022461,9.33899974822998,9.187000274658203,AAA
604920717435743872,132.8138844551682,11.837309985817877,1.117996839351071,-10.845375545252608,-2.602112346217476,12.653306007385254,0.7332620620727539,08511534+1150143,11.723999977111816,11.46399974822998,11.423999786376953,AAA
604916010151555072,132.72802893283128,11.852591437914667,1.149104574995496,-10.818923586896531,-2.91436136250908,13.392232894897461,0.7301712036132812,08505474+1151093,12.460000038146973,12.218000411987305,12.164999961853027,AAA
604962193935568896,132.55120535653674,11.856791616775809,1.1811350509906289,-11.083341067000251,-3.004594647606234,8.222472190856934,1.8043594360351562,08501230+1151246,6.010000228881836,5.260000228881836,5.019999980926514,AAA
598975005228795008,132.13799612936353,11.863266823393916,1.1579189132072614,-10.831240707296205,-2.8747698980245353,13.17699146270752,0.7314329147338867,08483313+1151478,12.255999565124512,12.01200008392334,11.95300006866455,AAA
604919033808556800,133.0521578382157,11.875930583962816,1.0914629325679663,-10.925381925978057,-2.8624134697400843,13.925873756408691,0.8878345489501953,08521252+1152334,12.779000282287598,12.42300033569336,12.38700008392334,AAA
604922748956025216,132.8990278346759,11.892973386369523,1.1370045521599306,-11.215168887955025,-2.768860561402737,12.008891105651855,1.1517343521118164,08513577+1153347,10.522000312805176,10.02299976348877,9.940999984741211,AAA
604969061587592064,132.75068511222275,11.908905633421682,1.4113181097163103,-11.354822355769825,-2.746959549051593,12.571531295776367,0.9708433151245117,08510018+1154321,11.321999549865723,10.920999526977539,10.859999656677246,AAA
604969134602863744,132.74003521936353,11.920736885880977,1.1349054718010532,-10.615760205002921,-2.884665662729981,13.237873077392578,0.7385072708129883,08505762+1155147,12.293999671936035,12.038000106811523,11.972999572753906,AAA
604969783142095744,132.71590188562627,11.948850380469302,1.2106094412215898,-11.080182891312374,-2.7191106559522495,12.606145858764648,0.7430047988891602,08505182+1156559,11.645999908447266,11.381999969482422,11.321000099182129,AAA
604947724190083712,132.99190266518517,12.016553873113118,1.1239949298108451,-10.99430966713652,-3.1841337921435238,13.638480186462402,0.763336181640625,08515806+1200596,12.642000198364258,12.413000106811523,12.343999862670898,AAA
604951301898543104,133.2439557991422,12.039296833006993,1.157800068203947,-11.014725274735865,-3.0437556717053003,13.950937271118164,0.8757591247558594,08525856+1202215,12.829000473022461,12.53499984741211,12.392999649047852,AAA
604981778986430848,132.4707556870702,12.066908384129869,7.273617881198837,-43.005654862190866,49.36536595202559,13.879860877990723,2.042877197265625,08495304+1203599,11.598999977111816,11.003000259399414,10.760000228881836,AAA
604940199406871296,133.34344440071823,12.082568129312445,1.797185091463971,3.756831302357593,-8.58328303020766,12.213543891906738,0.7300071716308594,08532244+1204573,11.291999816894531,11.02299976348877,10.947999954223633,AAA
604976556306119040,132.75784890149725,12.133940487302338,1.1039717049237052,7.245280405722314,2.7136430326595735,13.992255210876465,0.7408475875854492,08510187+1208021,13.03499984741211,12.8149995803833,12.708999633789062,AAA
604989677430427776,132.67852104914988,12.193616070246529,0.8368103283905971,-0.5486687778570313,-7.052879420536212,12.007843017578125,1.2186393737792969,08504284+1211372,10.456000328063965,9.954999923706055,9.82800006866455,AAA
605044107551277952,133.69070670081183,12.311917938636972,2.8572783763606733,-13.003799899653549,-4.769221548588358,11.357726097106934,0.6292762756347656,08544578+1218431,10.555000305175781,10.345000267028809,10.293999671936035,AAA
605021911160697344,132.91772300836567,12.37678710617139,2.054669295158018,-4.372280173925562,-2.1474874056216424,12.157337188720703,0.6042728424072266,08514025+1222363,11.375,11.163000106811523,11.131999969482422,AAA
608039516527274368,132.43017736709677,12.567014636154799,1.1094213297226134,-5.355144720161973,-2.3037472093506213,13.322813034057617,0.8455934524536133,08494324+1234011,12.234000205993652,11.927000045776367,11.852999687194824,AAA
598655047345524864,132.5436678181729,10.912931878888397,1.3521372746329112,-10.236391897663927,6.984565645062876,12.455533027648926,0.8596477508544922,08501049+1054465,11.35099983215332,11.031000137329102,10.967000007629395,AAA
608032030399809536,132.7216517564087,12.619908510446665,0.4687211718514233,-3.362355485030859,1.525436983106629,13.194005966186523,1.0835628509521484,08505319+1237116,11.795000076293945,11.309000015258789,11.20300006866455,AAA
608033606653159296,132.73802027821839,12.646417921075413,0.857284233322204,-6.520860630804422,-1.2494364212639488,13.182733535766602,0.5295877456665039,08505713+1238471,12.501999855041504,12.321000099182129,12.28499984741211,AAA
608127894069843072,132.8508698132321,12.69945658136983,2.243469135002923,-18.136898812340757,-7.148277686066877,13.711493492126465,1.0278539657592773,08512423+1241580,12.449000358581543,12.015999794006348,11.944999694824219,AAA
608037184360559616,132.75843877319699,12.708214047098123,1.1533932760578394,-13.912543124761873,-44.3879599631592,13.542253494262695,0.7946996688842773,08510203+1242304,12.475000381469727,12.15999984741211,12.10200023651123,AAA
598659587126274816,132.46955330366848,11.005366077653322,3.1214200427225873,6.125305818688251,-8.287721498883053,13.835823059082031,1.5237035751342773,08495268+1100195,12.045000076293945,11.420999526977539,11.279999732971191,AAA
598681195106420480,132.66448552422605,11.041248178319146,2.488608306822244,-25.414785522877487,-14.469217009351876,12.344320297241211,0.8350334167480469,08503950+1102288,11.3100004196167,10.96500015258789,10.892999649047852,AAA
598859797029231744,132.06261349961085,11.14518695983062,2.143445390343499,-2.032036337149113,-15.503540684657542,12.219124794006348,0.8291072845458984,08481502+1108429,11.17300033569336,10.875,10.82699966430664,AAA
604679482007819136,133.27655281045537,11.185457917206426,0.8804035069436297,-5.430785668066637,0.5250655876394794,13.960124015808105,0.7806167602539062,08530638+1111076,12.958999633789062,12.654000282287598,12.539999961853027,AAA
598689411379091328,132.9120639145051,11.19414674939474,1.163367787440378,-10.914218727998957,-2.917476485124598,13.48087215423584,0.7434587478637695,08513890+1111389,12.526000022888184,12.274999618530273,12.184000015258789,AAA
604640174467097600,133.47819885841082,11.240923725183213,0.21061053928392315,-0.6797260346106163,-1.0994412834733032,13.730451583862305,1.1312408447265625,08535476+1114273,12.267999649047852,11.758999824523926,11.6850004196167,AAA
598878596098082560,132.51255948987765,11.278377318651398,2.6895916391642882,-21.38881009475567,-2.5481076712691233,12.08931827545166,0.7203130722045898,08500303+1116420,10.454999923706055,10.246999740600586,10.137999534606934,AAA
598878596098675328,132.51248777971577,11.278267781705356,3.2353893250324117,-19.84960566269831,-2.8762525119540463,12.104284286499023,0.7227716445922852,08500303+1116420,10.454999923706055,10.246999740600586,10.137999534606934,AAA
598890862525288192,132.35764992534652,11.282483584544524,3.7904457697961,-22.79815954993998,-7.9025602043243675,10.877777099609375,0.8536605834960938,08492586+1116571,9.803000450134277,9.515000343322754,9.411999702453613,AAA
598882135151700352,132.73018380331868,11.29310277845547,0.7586952774785911,-9.473778792880392,-2.408290683053147,12.525613784790039,1.167403221130371,08505526+1117352,11.024999618530273,10.532999992370605,10.397000312805176,AAA
598918487754966400,131.9779157863867,11.33651209693959,2.4892218226107996,-18.416857317373776,5.631691001728334,13.08497142791748,0.8577356338500977,08475471+1120113,11.986000061035156,11.64900016784668,11.583999633789062,AAA
598895329291278080,132.2957618393964,11.359604668862499,1.493583969663199,-21.78288525864588,3.2960384724844753,12.75065803527832,0.772191047668457,08491101+1121346,11.770000457763672,11.513999938964844,11.428999900817871,AAA
604698001906811136,133.0869250988512,11.363148144990319,0.740460336335889,-6.673149555660158,5.3221665978596295,11.053326606750488,1.151930809020996,08522086+1121472,9.564000129699707,9.100000381469727,8.972000122070312,AAA
598892855390106368,132.3576944874687,11.388490903728403,2.3970283716009395,-17.076543227123196,-2.6757925361832156,13.282306671142578,0.9202032089233398,08492586+1123185,12.159000396728516,11.758999824523926,11.72700023651123,AAA
598920751201927936,132.0286713456083,11.402896417440068,1.9727045567279067,-10.506605773094012,4.936902935746314,12.33924674987793,0.702754020690918,08480688+1124102,11.430999755859375,11.182999610900879,11.130999565124512,AAA
598886120881330816,132.7842802333048,11.440873819266116,1.739381608084268,-11.030449004741422,-7.003007926316437,13.816914558410645,1.032266616821289,08510824+1126272,12.520000457763672,12.045000076293945,11.979999542236328,AAA
604693977522370304,133.33567326579913,11.482171146271208,2.4883779148464114,-24.03826936870758,8.054579114053517,12.036419868469238,0.7011022567749023,08532058+1128556,11.098999977111816,10.901000022888184,10.836000442504883,AAA
604708619065925376,133.28104685612217,11.566099657819892,3.4004244670970554,2.3881687033437267,-21.323882609644762,13.671642303466797,1.276139259338379,08530745+1133583,12.121000289916992,11.555999755859375,11.482000350952148,AAA
604898250462621696,132.85996801945885,11.670185267066294,2.544616259622922,-36.398746899565644,4.047527142757503,13.72923469543457,1.0263080596923828,08512643+1140125,12.430000305175781,12.008999824523926,11.918999671936035,AAA
604713463788946176,133.25253582825115,11.683393830326251,1.4080653985481375,3.767917879308711,2.7098365405653153,10.292143821716309,1.324223518371582,08530060+1141001,8.62399959564209,8.03499984741211,7.916999816894531,AAA
604904332136281856,132.9247191996306,11.726992089258353,1.1539230126758735,-11.039257117823222,-2.7825287420945317,12.564291000366211,0.7405948638916016,08514194+1143371,11.595999717712402,11.36400032043457,11.284000396728516,AAA
604910310730777472,132.8600836880833,11.730749100857048,1.0960951536878016,-11.092672581625317,-2.579653663591742,11.24974250793457,0.14682292938232422,08512643+1143506,11.020000457763672,11.01099967956543,10.993000030517578,AAA
598964942122246528,132.0465846879861,11.737940797188486,1.2081336656250676,-12.9773336839296,-4.056641704705218,13.41027545928955,0.7139616012573242,08481119+1144166,12.484999656677246,12.23900032043457,12.1899995803833,AAA
604904950611554432,132.95912721713935,11.768575771671733,1.1781231211794791,-11.119215761528935,-2.9102662518697855,10.512736320495605,1.1006708145141602,08515020+1146069,9.12399959564209,8.66100025177002,8.553999900817871,AAA
604905947043939072,133.09094399354214,11.77963182686451,1.1007966365833721,-10.837775187169424,-2.91125059358954,13.60439395904541,0.7462406158447266,08522183+1146467,12.680000305175781,12.39799976348877,12.336000442504883,AAA
604915636490059008,132.708062843926,11.820200324904567,1.2126210165688145,-10.866854683922805,-3.142726437279954,12.689348220825195,1.0334959030151367,08504994+1149127,11.371999740600586,10.960000038146973,10.890000343322754,AAA
604917865577461888,132.8927809566184,11.82883833383453,1.1581733525697717,-11.00094095521229,-3.024715559370528,12.715950965881348,0.7045478820800781,08513427+1149438,11.803999900817871,11.569000244140625,11.522000312805176,AAA
604920756091231744,132.82095010618377,11.84623629324878,1.1663224651706463,-11.04835920837797,-3.2000205685899106,10.845771789550781,1.2351999282836914,08511704+1150464,9.284000396728516,8.711999893188477,8.605999946594238,AAA
604921885666815360,132.73464294508156,11.858122866449648,1.1674430580671058,-10.97677758088398,-3.2814025119760917,13.959218978881836,0.7863607406616211,08505632+1151292,12.96500015258789,12.697999954223633,12.612000465393066,AAA
604921030968952832,132.80559504321192,11.861146681281866,1.1503627269383438,-11.098058500565763,-2.7875892145113923,13.12930679321289,1.2358694076538086,08511335+1151401,11.656999588012695,11.057999610900879,10.958000183105469,AAA
604919690939411456,132.91405778104226,11.86267313930971,1.1648538164799989,-11.135822105017795,-2.997033552253905,11.871005058288574,1.1569328308105469,08513938+1151456,10.383000373840332,9.888999938964844,9.795000076293945,AAA
604930067580245888,133.20513512727044,11.868961569546407,1.1519569504469271,-10.863075974366378,-2.7593568658349534,13.348780632019043,0.7366771697998047,08524924+1152083,12.446999549865723,12.166999816894531,12.08899974822998,AAA
604745345330578048,133.5518123164203,11.87302702853045,1.1150173698942913,-6.030747858006743,-13.951340629299944,13.606575012207031,0.9712543487548828,08541244+1152231,12.381999969482422,11.984999656677246,11.92199993133545,AAA
604971402345381120,132.79034360399598,11.986013756183572,1.1409356378322533,-10.81463792668292,-2.891204384153836,13.618245124816895,0.7491989135742188,08510969+1159096,12.657999992370605,12.347999572753906,12.29800033569336,AAA
604936351116176768,133.52025580765675,12.005577090429618,0.5414894622394867,-6.092288332955903,0.5110763362689827,12.00726318359375,1.3149957656860352,08540487+1200199,10.359999656677246,9.772000312805176,9.61299991607666,AAA
604971058748016384,132.7156526265943,12.006857876902394,1.155703259110584,-11.184471577421837,-2.817642973484883,13.298921585083008,0.7412176132202148,08505177+1200247,12.376999855041504,12.105999946594238,12.050999641418457,AAA
604974082404993920,132.69243758471842,12.032824569192268,1.1345570942503178,-10.911000329888505,-3.228813877134857,13.277013778686523,0.7365999221801758,08504620+1201582,12.354999542236328,12.07699966430664,12.060999870300293,AAA
604975796096306432,132.70254766416016,12.06147185251276,1.1304067764095382,-10.683533092092802,-2.878745929025981,13.497530937194824,0.7271127700805664,08504862+1203413,12.611000061035156,12.333000183105469,12.265000343322754,AAA
604948965436170112,132.96998294476305,12.071933166586588,1.1735495344219293,-11.088343508536692,-2.697351838262964,12.53858470916748,0.7640151977539062,08515281+1204189,11.576000213623047,11.314000129699707,11.22700023651123,AAA
604976929967672064,132.64105572599607,12.097114323714298,4.005567272761902,-40.072909457787595,-4.824725366203151,13.965455055236816,1.4655218124389648,08503390+1205498,12.22599983215332,11.640999794006348,11.50100040435791,AAA
604977071702225280,132.66003698019784,12.122141766313215,1.122858137026619,-11.145336682816662,-3.022400468942978,13.52489185333252,0.7342061996459961,08503842+1207198,12.602999687194824,12.33899974822998,12.27299976348877,AAA
604988784077232384,132.62443059671952,12.135267788354575,1.148896149245945,-11.102861193962344,-2.8352851729083532,12.430536270141602,0.7808208465576172,08502988+1208070,11.444000244140625,11.152999877929688,11.107999801635742,AAA
604996347515377792,132.93715104303715,12.136441724235725,1.146247128039573,-10.805466385862866,-3.0931372859919968,13.560264587402344,0.7461023330688477,08514492+1208111,12.66100025177002,12.385000228881836,12.312000274658203,AAA
604957898968083456,133.24756337613204,12.182437645991838,5.464199415810309,-55.232341510564865,-37.52217278602056,12.87035083770752,1.2889881134033203,08525947+1210573,11.263999938964844,10.694000244140625,10.633999824523926,AAA
604957280492814848,133.09392603514564,12.199856075167173,1.6194024697442395,-20.08191678508674,-14.21732356894741,12.711071014404297,0.737030029296875,08522255+1211596,11.809000015258789,11.510000228881836,11.473999977111816,AAA
608001381513227136,132.3784023060548,12.35215320258069,0.28785703670882024,-1.8896979054672594,-3.38501794020113,13.057160377502441,1.1839876174926758,08493081+1221077,11.543999671936035,11.019000053405762,10.916000366210938,AAA
605007858027675008,133.0997588439362,12.352887208097867,0.47008045608632787,-4.835559465653409,-2.257918240827519,13.110719680786133,1.2595233917236328,08522393+1221103,11.522000312805176,10.9399995803833,10.814000129699707,AAA
608001892613736576,132.41359409342803,12.375296852457408,1.1358254893742616,-10.999195937157108,-3.952797359174605,13.267746925354004,0.7458324432373047,08493927+1222310,12.293999671936035,11.994999885559082,11.95199966430664,AAA
605120210076345088,133.08858233442083,12.57910728039453,3.5330671827290066,-56.24456135501741,-13.969394535066225,12.450485229492188,0.9043788909912109,08522132+1234450,11.326000213623047,10.96500015258789,10.902999877929688,AAA
608040482895480576,132.35619026787637,12.591030242575536,7.753726504767282,3.3279099088402955,-115.70443926213355,13.1723051071167,1.7627038955688477,08492547+1235297,11.133999824523926,10.461999893188477,10.29800033569336,AAA
605121245163858304,133.18409701880142,12.621380017447555,1.1221110210074334,-4.1040073309742855,-9.192501510978994,13.059514999389648,0.7927713394165039,08524418+1237171,12.02400016784668,11.744000434875488,11.6850004196167,AAA
608042784997937024,132.46291387003774,12.674003751356317,1.6156788169416971,-23.93994698579799,9.997275305689588,13.011898040771484,0.7961606979370117,08495112+1240262,12.003999710083008,11.689000129699707,11.645999908447266,AAA
598669375358163072,132.95938770994783,11.026447237038905,5.548268827495508,-40.29404848168608,-14.486155957678287,12.392943382263184,1.147409439086914,08515030+1101354,10.866000175476074,10.440999984741211,10.359999656677246,AAA
598661369537382016,132.4722449168398,11.05106088551757,3.132945724659432,6.142248877240258,-8.171319878700304,13.161450386047363,1.0367059707641602,08495333+1103040,11.883000373840332,11.46500015258789,11.359000205993652,AAA
598673365381247104,133.13387667606398,11.059765371912283,1.7660729790513687,7.4350134950791045,-11.819666401568394,13.224977493286133,0.8452186584472656,08523212+1103353,12.125,11.802000045776367,11.696999549865723,AAA
598855197116288128,132.38002463572408,11.215212763978444,0.7155672441735346,-4.079268072242563,-4.318514412432796,11.147775650024414,1.3464584350585938,08493120+1112548,9.442000389099121,8.869999885559082,8.663000106811523,AAA
598887868932718976,132.56142107133317,11.41561239223111,0.823570433350518,3.3841753632561997,-8.54444052415372,13.453483581542969,0.8293933868408203,08501473+1124563,12.395000457763672,12.09000015258789,12.022000312805176,AAA
598893954901717248,132.50156902596976,11.427935504638432,1.1944561482737803,-11.067152092113048,-2.697429804067272,12.6021728515625,0.7224149703979492,08500038+1125407,11.63700008392334,11.432000160217285,11.383999824523926,AAA
598920377540555136,132.1548684548331,11.44027731928051,0.9740420274231196,-19.66703181532309,-7.006127996267823,10.751054763793945,1.1645374298095703,08483718+1126251,9.270000457763672,8.748000144958496,8.614999771118164,AAA
604890519521489280,132.9657041111549,11.500114887026221,1.3350499062040955,-2.591983826172389,-1.4582075232122822,13.564314842224121,0.7123479843139648,08515177+1130003,12.649999618530273,12.376999855041504,12.317000389099121,AAA
598945318414855936,132.18636744368874,11.5223827968276,2.1050804148463556,-0.6623195044615918,-3.412297570967795,13.795906066894531,0.9875345230102539,08484473+1131207,12.595000267028809,12.190999984741211,12.092000007629395,AAA
604907665030971008,132.6817378672704,11.596701709286771,3.8693314230642977,23.33471746233956,-30.11543985865152,11.484132766723633,0.753448486328125,08504358+1135486,10.531000137329102,10.223999977111816,10.175999641418457,AAA
604893921135574400,132.94191697617248,11.604835923605265,3.8701952320518984,-19.036063155333338,-57.545514668907835,10.978754997253418,0.8901500701904297,08514608+1136183,9.833000183105469,9.494999885559082,9.373000144958496,AAA
598943192406726144,131.87101434078266,11.68167519408532,1.6152596742828247,-10.831826064363185,-8.096114666520224,12.280409812927246,0.6172237396240234,08472906+1140541,11.49899959564209,11.300000190734863,11.241999626159668,AAA
604905156769963136,133.0773429470005,11.740646176154268,1.175932797447876,-11.137258217256363,-2.9949166758739376,10.147911071777344,1.228102684020996,08521856+1144263,8.571999549865723,8.086999893188477,7.922999858856201,AAA
604911375882674944,132.81952447881753,11.75816214557706,1.0552999230438342,-11.171439099073421,-2.6858372870461835,12.210928916931152,0.921818733215332,08511670+1145293,11.020999908447266,10.661999702453613,10.569999694824219,AAA
604729402411977088,133.78200228103236,11.760587597440654,1.9139736127836535,-2.0821429324750858,-7.939621592251879,11.7970609664917,0.9581165313720703,08550768+1145382,10.604000091552734,10.244999885559082,10.149999618530273,AAA
604911582041107456,132.80117906395006,11.772574461086279,1.177189770343793,-10.928402398616072,-2.9376746116415733,13.054901123046875,0.7742376327514648,08511229+1146212,12.0600004196167,11.75100040435791,11.704000473022461,AAA
604916873440769152,132.93777157402997,11.796090555435972,1.2508955092582283,-11.059723362953843,-2.8248425056310698,11.221271514892578,1.1992568969726562,08514507+1147459,9.684000015258789,9.182999610900879,9.045000076293945,AAA
604914777496782720,132.75644759317666,11.797265827789168,1.1193033052956787,-11.036393057701982,-3.472301913160365,13.358970642089844,0.7733821868896484,08510156+1147501,12.371000289916992,12.067000389099121,11.991000175476074,AAA
604917629355037568,132.8552415064304,11.803761895867133,1.1659984855010577,-10.950139287162754,-2.881642833580964,13.98533821105957,0.8990402221679688,08512526+1148135,12.83899974822998,12.517999649047852,12.380000114440918,AAA
604906462440021504,133.03592732777153,11.804363469147802,1.2736305247758715,0.870651971941818,-9.11899884023802,13.628074645996094,0.7299594879150391,08520861+1148158,12.701000213623047,12.39900016784668,12.361000061035156,AAA
604920584292557440,132.78704919046552,11.81052445063636,0.870888640318543,-10.515236715785527,6.575144368779154,13.810784339904785,0.8927478790283203,08510890+1148377,12.722000122070312,12.293000221252441,12.232000350952148,AAA
604907110979352576,133.03269795301233,11.830537500608889,1.1661968586223292,-11.13716274586982,-3.2041554548039377,13.701042175292969,0.7556581497192383,08520785+1149500,12.770000457763672,12.456000328063965,12.423999786376953,AAA
604921649444253952,132.77478354023353,11.852748676940541,0.6726823071634542,-1.1930295662032722,1.4636223169464546,13.180006980895996,0.7534475326538086,08510595+1151098,12.189000129699707,11.928000450134277,11.866000175476074,AAA
604921168408082304,132.84059596052379,11.861671331691054,1.135786148489855,-10.990032475689425,-2.5663872548124838,13.885080337524414,0.8465862274169922,08512175+1151420,12.79699993133545,12.46500015258789,12.38599967956543,AAA
604919239966985984,132.99843909344895,11.88267710862665,1.1950705700907047,-10.860939849524547,-2.613840383627882,12.670233726501465,0.753535270690918,08515963+1152576,11.722000122070312,11.470999717712402,11.381999969482422,AAA
604969031523465728,132.73331198291802,11.897759102166257,1.1848325254011254,-11.014072587619694,-3.158759517119372,13.502273559570312,0.741765022277832,08505600+1153520,12.581999778747559,12.277999877929688,12.22700023651123,AAA
604923470510326784,132.93836375385104,11.948695079084786,1.1938733065198046,-11.059907922158319,-3.130626212807698,13.42928695678711,0.7343482971191406,08514522+1156552,12.506999969482422,12.25,12.180999755859375,AAA
604972089540120832,132.85538541143225,12.049013154771263,1.155151961830552,-10.907364072655643,-2.9775437730629193,13.385247230529785,1.2792387008666992,08512530+1202563,11.670999526977539,11.123000144958496,10.970999717712402,AAA
604973017253073536,132.78770532888203,12.050601436357928,1.1530946179273056,-11.027386254648546,-2.9450812202115264,13.567740440368652,0.7410192489624023,08510906+1203022,12.649999618530273,12.364999771118164,12.321000099182129,AAA
607987736401416576,132.2128878316977,12.134973831219167,0.743422696463533,-5.293074747332181,-8.699278657821909,13.998114585876465,0.9326629638671875,08485110+1208061,12.821999549865723,12.430999755859375,12.342000007629395,AAA
604988891452225152,132.64489755694873,12.14198971377457,1.1837761595038507,-5.66251872618532,-3.794417893551625,13.735406875610352,0.7595615386962891,08503478+1208312,12.765000343322754,12.559000015258789,12.432999610900879,AAA
605049394655398912,133.39049571449684,12.265234172042144,0.9220458405438101,-12.96915310620278,-1.2153898419395754,13.683377265930176,0.7882223129272461,08533375+1215548,12.684000015258789,12.37399959564209,12.343999862670898,AAA
607997563286586112,132.48608871460868,12.308582803236742,20.2595509494995,-126.74338885308626,-37.13853894095391,12.694337844848633,2.3304643630981445,08495682+1218315,10.187999725341797,9.520000457763672,9.293000221252441,AAA
608006947790945280,132.05203171214225,12.322638243844661,12.190427505998635,-2.4552530620833757,-20.614162573391667,10.069772720336914,0.9836940765380859,08481249+1219218,8.836999893188477,8.451000213623047,8.387999534606934,AAA
605018578266152192,132.59908737391387,12.332983997910661,1.1282729308880564,-11.166442973066154,-2.933233869951345,12.562444686889648,0.7126321792602539,08502379+1219588,11.623000144958496,11.401000022888184,11.357000350952148,AAA
608000110202916352,132.31753323536194,12.334073103837593,3.1222788701784987,0.651132851562978,-5.915700680699727,10.02327823638916,0.6609773635864258,08491620+1220027,9.185999870300293,8.973999977111816,8.916999816894531,AAA
605024213263154688,132.94534316666366,12.44524550748756,0.4161876748561757,-2.1883485787747565,-1.5041046641766735,12.888012886047363,1.2269010543823242,08514688+1226428,11.32800006866455,10.713000297546387,10.633999824523926,AAA
608020176290124544,132.1646618883753,12.54693864090943,2.690376957952657,-17.2841517735071,-1.1948074586135964,5.631649971008301,2.4299535751342773,08483954+1232489,3.0360000133514404,2.0910000801086426,1.902999997138977,DCD
605119213643933056,133.125797575328,12.572279013021586,1.2404289709609326,-8.561394817926317,0.5955452121421305,13.542757987976074,0.6673955917358398,08523020+1234201,12.696000099182129,12.444000244140625,12.437999725341797,AAA
608127035076384512,132.8555557566239,12.678535118691281,1.6632338784503795,10.509167075138642,-12.272121127434142,12.1885347366333,1.0467720031738281,08512532+1240427,10.87399959564209,10.444999694824219,10.354999542236328,AAA
598683192266477824,132.77885913074866,11.112431738894662,0.8451391573427579,-23.654590511646838,-27.27902178729847,13.764449119567871,1.1274805068969727,08510695+1106453,12.312000274658203,11.835000038146973,11.741000175476074,AAA
598689754976482944,132.87739436126793,11.18350482198017,1.1746542811893945,-11.093601004796007,-2.6960420813918837,12.741864204406738,0.7230758666992188,08513058+1111006,11.829000473022461,11.564000129699707,11.508999824523926,AAA
598678931658873216,132.98311347827996,11.189169301711399,1.1260986603552066,9.276579474193749,-15.431488568165866,13.128095626831055,0.6942377090454102,08515593+1111212,12.241000175476074,11.99899959564209,11.95199966430664,AAA
598878213846246400,132.4851887388852,11.235465882013521,5.860863273948765,16.833895006991053,-55.202378550438006,12.35372543334961,1.2161140441894531,08495642+1114087,10.871999740600586,10.404999732971191,10.286999702453613,AAA
598869971804390912,132.034508054418,11.244527408995065,1.7104890791928953,4.158829719543768,-40.365870920765175,12.73452091217041,0.7923545837402344,08480827+1114409,11.704000473022461,11.381999969482422,11.338000297546387,AAA
604640651208429568,133.46449043348184,11.29210945500767,1.5862191367687917,-7.029114887861434,-5.21582110534785,13.20171070098877,0.786107063293457,08535148+1117317,12.218000411987305,11.982000350952148,11.894000053405762,AAA
604687212948944768,133.20586487307955,11.382510774505544,3.8678806242312627,-18.18439360092932,-15.301934458876651,13.284727096557617,1.1754112243652344,08524942+1122573,11.836999893188477,11.336000442504883,11.272000312805176,AAA
604692366909680512,133.37526068001867,11.388808995952184,0.9213479209230304,-1.7611263919470037,4.383505432475825,13.232854843139648,0.9295015335083008,08533006+1123195,12.017999649047852,11.715999603271484,11.642999649047852,AAA
598887460911141632,132.67538029454772,11.439838526267742,1.288344616142494,-10.9470984014829,-3.5340950998156946,13.416549682617188,0.7186899185180664,08504210+1126234,12.491000175476074,12.232000350952148,12.208999633789062,AAA
598898073775010816,132.43408966243018,11.485939979496885,1.1688814167273887,-11.095385660411985,-2.986459986433276,13.359070777893066,0.7257251739501953,08494419+1129094,12.430999755859375,12.157999992370605,12.13599967956543,AAA
604718789548452736,133.56499999618333,11.544556241439418,0.903820341587729,-9.392271717221735,2.84976025931946,13.951396942138672,0.6983003616333008,08541561+1132404,13.062000274658203,12.857999801635742,12.762999534606934,AAA
604893165221336064,132.95795286086658,11.555134702144878,1.1425857273235593,-11.271696602158784,-2.841572816798314,12.56907844543457,0.7363367080688477,08514992+1133184,11.631999969482422,11.371999740600586,11.319000244140625,AAA
604894638394355584,132.80847076433375,11.558483726687111,1.1644582829236667,-11.036276926759243,-2.8369970019319144,13.169649124145508,0.7256460189819336,08511405+1133306,12.27400016784668,12.027999877929688,11.940999984741211,AAA
604907390153062272,132.70677843006635,11.58580582139235,1.197132687579274,-10.893187849806127,-2.83944372863288,10.960271835327148,1.2252473831176758,08504964+1135089,9.40999984741211,8.847999572753906,8.722000122070312,AAA
598949819540579328,132.11612380607502,11.606923726918014,1.7075645792950285,0.6101319600405639,5.544182363831632,11.870011329650879,0.6966762542724609,08482786+1136249,10.987000465393066,10.737000465393066,10.664999961853027,AAA
598951365728804736,132.14719309875778,11.636634678597078,2.108185341306802,-14.122052832059321,-8.350639220894248,12.001799583435059,0.738795280456543,08483533+1138120,11.067000389099121,10.805000305175781,10.748000144958496,AAA
604897219670462976,132.90060200379995,11.648966605297346,1.1708293956288622,-10.774123925583538,-2.748970899341397,13.775510787963867,0.7743520736694336,08513615+1138562,12.78499984741211,12.522000312805176,12.45199966430664,AAA
604712669219395328,133.2831179459193,11.665542902846843,0.8105054727322585,-5.35668689296585,3.2772764551470996,12.085474014282227,1.1602725982666016,08530795+1139559,10.590999603271484,10.131999969482422,10.001999855041504,AAA
598954874717728128,132.43662610567702,11.685664393317076,1.5256931337857573,-8.959851004987561,-9.799190419982585,12.900734901428223,0.7088308334350586,08494480+1141086,12.003000259399414,11.765999794006348,11.746000289916992,AAA
604734010912546944,133.50321446482104,11.691904590223501,4.1349163153007735,-1.5546730968671327,-6.0955593927094895,10.47948169708252,0.6579647064208984,08540077+1141309,9.642999649047852,9.454999923706055,9.385000228881836,AAA
604713738666938240,133.23288645022578,11.70333667580074,0.8572694264113677,-6.801637594821338,-2.894741305479228,13.619780540466309,0.7046489715576172,08525590+1142121,12.718999862670898,12.467000007629395,12.437000274658203,AAA
604912715912500480,132.68285138781948,11.74197351272074,2.223529534137642,-11.140990036006055,-5.901438269455226,13.920220375061035,0.9387102127075195,08504389+1144311,12.776000022888184,12.312000274658203,12.253999710083008,AAA
604911135364519808,132.76459353599168,11.750770214629803,1.069297275844421,-11.054489078250315,-3.1106323110246548,11.260443687438965,0.39406490325927734,08510351+1145027,10.718999862670898,10.621000289916992,10.585000038146973,AAA
604729058814593152,133.68549844330042,11.765859063941324,1.01030761725586,-8.647563912672798,1.2892430111893989,13.264957427978516,0.9985857009887695,08544452+1145570,12.015999794006348,11.612000465393066,11.531999588012695,AAA
604916736001826432,132.9185191314346,11.777172276056481,1.1465277837638408,-11.146946065919893,-2.62619181267579,13.696043968200684,0.7554874420166016,08514045+1146378,12.722000122070312,12.489999771118164,12.420000076293945,AAA
604914601402325504,132.78488564648407,11.786694995186608,1.209730078391315,-10.963407041720847,-2.7790705363316794,12.129509925842285,1.1317329406738281,08510839+1147121,10.690999984741211,10.194999694824219,10.112000465393066,AAA
604918316549769728,132.98552808642546,11.803469658701207,1.1776333916293928,-11.054719739182751,-2.820225922159036,13.816404342651367,0.7708520889282227,08515653+1148125,12.845000267028809,12.54699993133545,12.48900032043457,AAA
604929517824439808,133.1678702478798,11.82896731283403,1.5921286661128486,-19.634147531918465,1.7262996479750858,13.666495323181152,0.7612075805664062,08524031+1149443,12.701000213623047,12.37600040435791,12.335000038146973,AAA
604920824810533376,132.78489103549325,11.835494425241782,1.1469201738403147,-11.103540712604516,-3.1179265256072126,13.431571006774902,0.7471408843994141,08510839+1150078,12.508000373840332,12.220000267028809,12.16100025177002,AAA
604920721731496064,132.8207101866443,11.835936274454905,1.323971391601968,-9.832841656923339,-4.2627058165848855,13.037513732910156,0.7179403305053711,08511698+1150093,12.133000373840332,11.909000396728516,11.845000267028809,AAA
604921718163730560,132.76865387371458,11.862766961055666,0.9899585355993027,-10.986018950447043,-2.7895861285219405,13.870308876037598,0.8549480438232422,08510449+1151460,12.760000228881836,12.425999641418457,12.357999801635742,AAA
604921271487287296,132.86787429806353,11.871523661310622,1.1410040755521444,-11.152300603046722,-3.0508183111588667,12.661663055419922,0.7472829818725586,08512830+1152175,11.720999717712402,11.442999839782715,11.383000373840332,AAA
604968103810569856,132.4859202538184,11.948121031923783,1.1831899504392334,-11.10021758059955,-3.067789292311728,13.127888679504395,0.7354412078857422,08495664+1156533,12.215999603271484,11.968999862670898,11.864999771118164,AAA
604948346960902016,132.90855943664283,12.023434198660938,1.1851421863536962,-11.180901473732213,-3.243109739455789,12.8353853225708,0.7790822982788086,08513806+1201243,11.843999862670898,11.550999641418457,11.494999885559082,AAA
604972501857011840,132.75468071836548,12.023413157574224,3.826045562613574,-2.493627901367053,-32.606825425585676,11.298442840576172,0.9144496917724609,08510112+1201248,10.137999534606934,9.777000427246094,9.694999694824219,AAA
604982874202235264,132.34235497871836,12.031802438879211,1.785681448073468,-10.160504214244632,2.4547603791377757,12.974488258361816,0.8677558898925781,08492217+1201544,11.892999649047852,11.574999809265137,11.520999908447266,AAA
604948724917993088,133.01437332167865,12.058314856768751,1.1924418402398214,-11.27952822849337,-2.470249344604083,12.827336311340332,0.7229652404785156,08520345+1203299,11.894000053405762,11.67199993133545,11.57699966430664,AAA
604940272422518656,133.33541954209426,12.091292665277255,2.069924573974247,10.399833664538995,-12.820002302626166,12.881593704223633,0.7278347015380859,08532051+1205288,11.960000038146973,11.675999641418457,11.626999855041504,AAA
605035066644502272,133.51116967776989,12.134501159706058,1.1390161686745999,-11.07202869441021,-3.0479357853520987,13.682111740112305,0.7644853591918945,08540270+1208041,12.699000358581543,12.440999984741211,12.343999862670898,AAA
607990695634633472,132.06384783510777,12.145245072060899,0.2787512501854462,1.155244785879983,-3.584169791855889,12.580401420593262,1.4614124298095703,08481532+1208430,10.736000061035156,10.057999610900879,9.89799976348877,AAA
605034486824536064,133.71611400727724,12.208176265765392,1.0921875446588396,4.56774800184894,-10.726656531773429,13.705095291137695,0.8548622131347656,08545186+1212296,12.619999885559082,12.272000312805176,12.267000198364258,AAA
605037952862523264,133.60276092165836,12.246748692459803,0.8794197580334481,-5.761587702000161,-1.1478464307940022,13.665897369384766,0.8756341934204102,08542467+1214483,12.543000221252441,12.184000015258789,12.13700008392334,AAA
605014833054650880,132.70634280220605,12.287672697514626,4.912473758223647,-4.337193782319544,-12.402158873541389,11.472471237182617,1.1227703094482422,08504952+1217158,9.970000267028809,9.50100040435791,9.369999885559082,AAA
605017787992165888,132.62254678758345,12.317816976978435,1.1614443624856257,-11.280238997072463,-3.1071296343533454,12.390280723571777,0.7816066741943359,08502943+1219042,11.401000022888184,11.097999572753906,11.039999961853027,AAA
605044863465523328,133.63971128846657,12.318899085338392,1.7694546275166783,-7.900390863008963,2.5276769666139964,10.03552532196045,1.114664077758789,08543353+1219079,8.571999549865723,8.090999603271484,7.988999843597412,AAA
605054548616296192,133.35030319826978,12.388761692857752,1.4150368582688864,-11.666053850282065,-3.1858436378071877,13.85261344909668,0.8057613372802734,08532409+1223195,12.8149995803833,12.536999702453613,12.468000411987305,AAA
608015606444908544,132.31414508972946,12.510834233854327,2.0578795472543256,8.760528801257756,10.870283050945348,13.701807022094727,0.8747138977050781,08491538+1230388,12.579999923706055,12.232000350952148,12.164999961853027,AAA
605110765443638528,133.37707160052423,12.539051811967461,1.9820954381823772,-8.686512566304526,-14.94693765910993,12.605135917663574,0.6718025207519531,08533051+1232207,11.758999824523926,11.491999626159668,11.473999977111816,AAA
598653505452587392,132.5486062203145,10.841721799315923,5.088868584705364,18.56706582063035,-11.088495551354765,10.43543529510498,0.8339557647705078,08501164+1050304,9.404999732971191,9.097000122070312,9.031999588012695,AAA
598660136883367168,132.56301779040479,11.01283849811329,1.0501300932836184,-4.1813747315133,-14.819688602029682,12.484000205993652,1.055098533630371,08501512+1100464,11.105999946594238,10.642000198364258,10.552000045776367,AAA
598674739770772352,133.1571839665704,11.116241023675107,1.1589983392382732,4.011350687350292,-11.035471025264568,13.380571365356445,0.9270601272583008,08523772+1106586,12.222000122070312,11.831000328063965,11.717000007629395,AAA
604678657374107008,133.24962457495556,11.123708292205281,0.37953626620315245,0.018229851440932254,-4.800546783256548,10.63550090789795,1.8546171188354492,08525991+1107252,8.36400032043457,7.570000171661377,7.326000213623047,AAA
598677041873269888,132.98471168386044,11.135822334712053,2.957272390834695,6.124050950509223,-19.08337049462319,7.127675533294678,1.3400487899780273,08515632+1108091,5.394000053405762,4.611999988555908,4.685999870300293,ADA
598851073948254336,132.4572500124551,11.158076177397065,13.925640550510694,-75.58867493921896,29.681442120124743,9.568480491638184,0.8983631134033203,08494983+1109285,8.432999610900879,8.064000129699707,8.024999618530273,AAA
598694320526475520,132.7196808578438,11.259233971634453,0.5303407946274813,-3.045545090580567,-0.3396098569315338,11.612025260925293,1.181147575378418,08505273+1115332,10.088000297546387,9.567999839782715,9.467000007629395,AAA
598882547468555392,132.75427142751715,11.309813369962553,0.39862390370235423,-0.3722088286499491,-3.389488646026784,12.636222839355469,1.2648706436157227,08510103+1118354,11.01200008392334,10.506999969482422,10.314000129699707,AAA
598923572996124288,131.89212680671446,11.446857608432941,2.9308089320544592,-23.215058289337215,-7.6293414126479275,12.815695762634277,0.8838281631469727,08473413+1126488,11.697999954223633,11.329999923706055,11.26200008392334,AAA
598889075818837504,132.71159602373177,11.470182740566203,1.1830247395823534,-1.995694775980151,-1.452077432029232,13.811958312988281,0.8274831771850586,08505078+1128126,12.756999969482422,12.413000106811523,12.383999824523926,AAA
604705969071060224,133.2882832365893,11.496652416216444,1.1766418961861735,-10.863674730265366,-2.6510707474968145,12.718820571899414,0.7065048217773438,08530920+1129479,11.838000297546387,11.61299991607666,11.529999732971191,AAA
598945765091864960,132.27807740510812,11.498003698982176,0.541060533426833,-2.420685353734915,-2.986123464764303,12.80615520477295,1.2812423706054688,08490674+1129529,11.16100025177002,10.598999977111816,10.489999771118164,AAA
604708202453409408,133.38356927708213,11.579647225142951,1.162679488739614,-10.861308883955953,-2.682721734133006,12.880276679992676,0.7229337692260742,08533206+1134467,11.968000411987305,11.704000473022461,11.65999984741211,AAA
598949304144504448,132.07497295248402,11.583996462974458,2.869466983909209,-17.218702941270177,-8.764665690006192,8.119529724121094,1.135462760925293,08481801+1135025,6.6479997634887695,6.188000202178955,6.051000118255615,AAA
604896150222841088,132.78087087375013,11.614861913091001,1.2436404594579058,-11.018695693883885,-3.05299513480719,13.283628463745117,0.7267837524414062,08510743+1136535,12.354999542236328,12.138999938964844,12.065999984741211,AAA
604721400888554112,133.6474519734011,11.657209955413473,2.7594137342684886,-0.706669646375621,-7.999295921004908,13.623769760131836,1.0580768585205078,08543539+1139261,12.300999641418457,11.885000228881836,11.812999725341797,AAA
604908347929907328,132.7488094915001,11.664582728399688,1.186706356939782,-10.76168779800348,-2.5536284301621364,12.934085845947266,0.7200918197631836,08505973+1139524,12.024999618530273,11.734999656677246,11.70300006866455,AAA
604909653600014976,132.82780032109673,11.676857927105772,1.2040653415912186,-7.324152014392071,-6.323302772705867,13.902544975280762,0.7459878921508789,08511868+1140367,12.979999542236328,12.673999786376953,12.635000228881836,AAA
604912368019294976,132.66864453603912,11.703203361474632,1.1444891099800591,-10.973786313314196,-3.157198290279965,13.908649444580078,0.7699804306030273,08504048+1142115,12.958999633789062,12.670999526977539,12.559000015258789,AAA
604901548997418880,133.1738474032126,11.713163022980718,2.673694461064582,-20.23273644213067,-10.27363484629688,13.46564769744873,1.0001039505004883,08524174+1142476,12.197999954223633,11.777000427246094,11.715999603271484,AAA
604912647193030016,132.65051057203152,11.721681110464335,1.1993778030648812,-11.14123826159362,-2.589153304745703,12.491334915161133,1.088292121887207,08503613+1143180,11.130999565124512,10.644000053405762,10.552000045776367,AAA
604913952863074688,132.72263104008843,11.742952668429583,1.1557208812384503,-10.961261693898813,-2.9044999520626558,13.44774341583252,0.8108987808227539,08505344+1144346,12.402999877929688,12.10200023651123,12.0649995803833,AAA
604911375882674560,132.822807019762,11.75629552834102,1.1716350307955128,-10.91398467951322,-2.751231012245169,9.258213996887207,1.5186080932617188,08511747+1145226,7.324999809265137,6.683000087738037,6.49399995803833,AAA
604914223445164416,132.6982863852708,11.75634788375695,1.184571092370747,-10.972870069644335,-2.9560263206564548,13.770674705505371,0.7502851486206055,08504760+1145228,12.831999778747559,12.557999610900879,12.51200008392334,AAA
604916667282344576,132.93331447306122,11.773469588156832,1.1928675245477283,-11.064008059202138,-2.7974852376801067,12.589770317077637,0.9082612991333008,08514401+1146245,11.437999725341797,11.109999656677246,11.027000427246094,AAA
604913815423941120,132.6412912486113,11.774233150427253,1.1635157310568554,-11.039098983213304,-2.8943208202721378,12.722943305969238,0.7082099914550781,08503392+1146272,11.824000358581543,11.595999717712402,11.517000198364258,AAA
604916770361557504,132.93636327609062,11.779444275070043,1.1711187606178073,-11.116690959825416,-2.9720513034679388,12.726844787597656,1.0717802047729492,08514474+1146460,11.357000350952148,10.918000221252441,10.821999549865723,AAA
598970847700454144,132.19782959863775,11.795295424013597,0.8927635546122802,-6.440033598555444,0.6324301375350145,12.204188346862793,1.0705156326293945,08484748+1147431,10.79800033569336,10.369999885559082,10.246000289916992,AAA
598969408887084288,132.0054835850431,11.807988783074455,0.696229980765197,-4.291130709070937,-8.745112316018993,13.963987350463867,0.8776702880859375,08480132+1148289,12.854999542236328,12.513999938964844,12.470999717712402,AAA
604917148318677120,132.9200212614001,11.818209499276277,1.1391250114179854,-10.885528442510711,-2.901041344737817,13.656599998474121,0.7513055801391602,08514082+1149055,12.71399974822998,12.458999633789062,12.390000343322754,AAA
598971779709012352,132.2207992531538,11.826660064976078,1.139747089363532,-5.071040651049634,-3.7842544235968334,11.536059379577637,1.0498456954956055,08485299+1149360,10.194000244140625,9.73900032043457,9.65999984741211,AAA
604917972952399232,132.9058083722677,11.834794012600288,1.1779633520914006,-11.297739293957925,-3.1202253359037333,12.43718147277832,0.7617273330688477,08513740+1150052,11.468999862670898,11.178999900817871,11.137999534606934,AAA
604915739569261184,132.75436107910528,11.836351490881963,1.1952371299182647,-10.769474723269422,-2.9498428369172203,12.544512748718262,0.9143180847167969,08510106+1150108,11.380000114440918,11.017999649047852,10.951000213623047,AAA
604907012195819648,133.08911802681712,11.844944725424432,1.2010145823413005,-11.140827798151443,-2.85367807827015,12.614236831665039,0.7417564392089844,08522138+1150419,11.5600004196167,11.326000213623047,11.281000137329102,AAA
604921855602675968,132.78005588537422,11.883864558840845,1.1320137760582378,-11.03500903465228,-2.465414798744085,12.407134056091309,0.8940210342407227,08510723+1153019,11.175000190734863,10.770999908447266,10.694999694824219,AAA
604963877562742400,132.5678547779273,11.896664577949059,1.1439061285204002,-11.011266992467508,-2.639836167283372,12.72869873046875,0.7047252655029297,08501629+1153480,11.854999542236328,11.607999801635742,11.539999961853027,AAA
604920202039656064,132.9979616884544,11.917996756504506,1.1575714097305165,-10.974584457434423,-2.9541781668487817,10.210122108459473,1.234161376953125,08515952+1155049,8.597000122070312,8.083999633789062,7.959000110626221,AAA
604934190748829312,133.40587519000084,11.929782589611563,1.1599965234029699,-10.7717076035193,-2.4850935645139423,13.952043533325195,0.8713111877441406,08533744+1155472,12.831999778747559,12.494000434875488,12.378999710083008,AAA
604944120713063552,133.01974188474222,11.97473225632223,1.1765603319178148,-12.40309481853441,-2.8476297712955363,12.476078987121582,0.8153829574584961,08520474+1158291,11.442999839782715,11.125,11.048999786376953,AAA
601982723582351616,131.91790964113846,11.978237768445373,1.700051445209817,-2.119785556946741,-15.829134826808927,13.717547416687012,0.9154224395751953,08474029+1158419,12.562000274658203,12.227999687194824,12.1850004196167,AAA
604982874202264832,132.34162028533504,12.031028038554323,1.8650099103780349,-8.734646242594598,3.215999418292828,12.877654075622559,0.8843040466308594,08492200+1201516,11.791999816894531,11.414999961853027,11.32800006866455,AAA
601981349192808448,132.12241371960252,12.041180436789245,0.8200141174996608,7.589781511137938,-8.067531492818015,13.537878036499023,0.8684844970703125,08482936+1202283,12.440999984741211,12.109999656677246,12.027000427246094,AAA
604976315787962240,132.7382900632234,12.093446547743225,1.116340997102261,-11.01004257036195,-2.8747245293806514,13.821290016174316,0.7650375366210938,08505720+1205365,12.835000038146973,12.59000015258789,12.491000175476074,AAA
607987427163771520,132.12230292728867,12.10980570704204,1.122717519302432,-10.852458703453923,-2.8121503388187508,13.352933883666992,0.7360954284667969,08482936+1206353,12.435999870300293,12.192000389099121,12.097999572753906,AAA
601998627845449088,131.95690775814643,12.15129650440038,1.7825631556261463,-10.028250194641526,-6.453240996246484,11.531827926635742,0.6600160598754883,08474967+1209048,10.647000312805176,10.454000473022461,10.413999557495117,AAA
605013321226163712,132.73376576802627,12.236311493242487,2.6383760293087772,-4.200208898621766,4.593340601682152,12.874667167663574,0.8304805755615234,08505610+1214106,11.718999862670898,11.380999565124512,11.345000267028809,AAA
605044068895950336,133.6864377663809,12.300430082881084,1.904073093144197,-6.672775744778965,-5.912840728853516,13.465017318725586,0.8273143768310547,08544476+1218017,12.42300033569336,12.074999809265137,12.031000137329102,AAA
605006964674468352,133.2206086984108,12.317435077065632,3.6526859386192263,-15.672318692422376,-12.911172913446817,11.229233741760254,0.6931009292602539,08525296+1219029,10.369000434875488,10.104999542236328,10.055999755859375,AAA
605020330612762624,132.75062714380596,12.411926645945154,1.1417018894543072,-10.681126234299041,-3.0017751155593135,13.718393325805664,0.8420820236206055,08510016+1224430,12.706000328063965,12.440999984741211,12.369999885559082,AAA
608022959428902272,132.57063017012504,12.450378650713136,1.183328909334348,-10.907126161268538,-3.0046260779424596,13.57849407196045,0.7315683364868164,08501696+1227014,12.685999870300293,12.402000427246094,12.380000114440918,AAA
598638662045573760,132.85974038194516,10.804023780989047,0.7929417783955918,-4.6277087047794465,3.526307930831896,13.809364318847656,0.6976490020751953,08512634+1048144,12.937999725341797,12.6850004196167,12.623000144958496,AAA
608039104210416128,132.34233486088382,12.528327754275644,2.271050145283504,-25.91579215572279,-11.182733034595532,13.573101043701172,1.0229253768920898,08492218+1231420,12.3100004196167,11.875,11.77400016784668,AAA
598616293855857664,133.0426858357576,10.856399840955222,1.345385043402015,-7.135771152342677,-14.451437955998884,13.450182914733887,0.8404941558837891,08521025+1051232,12.37399959564209,12.08899974822998,12.01099967956543,AAA
605119355378262912,133.09401241925795,12.5723930756392,2.3176040311618364,-12.132457579864939,1.0455009077131372,11.905597686767578,0.6620159149169922,08522257+1234205,11.092000007629395,10.854999542236328,10.812000274658203,AAA
608032786314046848,132.85035628309214,12.62570335132271,4.827027148797511,89.83137507197833,-255.12739399322413,13.324880599975586,1.3563671112060547,08512397+1237370,11.630999565124512,11.045999526977539,10.895000457763672,AAA
608127481752974720,132.95251378338978,12.722496461145388,0.7957690188290903,-1.3574519325495582,-2.189657714135713,13.995545387268066,1.1139945983886719,08514861+1243210,12.576000213623047,12.104999542236328,12.03600025177002,AAA
604630107063758720,133.50806056241677,11.162854162622185,4.189710392713163,0.5159316270058244,-6.981052147599755,13.33942985534668,1.2116670608520508,08540192+1109463,11.84000015258789,11.3149995803833,11.206000328063965,AAA
598855231476599680,132.40233942119545,11.220848666609417,1.8118201945395451,-27.541491168306127,-8.192514644576768,13.229866981506348,0.802210807800293,08493659+1113152,12.173999786376953,11.88599967956543,11.786999702453613,AAA
604682265146623232,133.25883388437325,11.260503186841493,2.32926226620624,25.016226380808803,-6.947869024075867,13.195862770080566,0.8516120910644531,08530208+1115378,12.116999626159668,11.77400016784668,11.701000213623047,AAA
598694286166737024,132.7440520280039,11.265396535440008,1.2901138299438697,-5.1408815287543845,-13.915964051873585,12.05060863494873,1.047872543334961,08505858+1115556,10.670000076293945,10.23799991607666,10.137999534606934,AAA
604686079079126400,133.2771710996937,11.3352756631123,4.611535821231636,11.632717496496536,-19.525326440534993,11.738187789916992,0.9407863616943359,08530650+1120072,10.496000289916992,10.095999717712402,10.04800033569336,AAA
604700849470046976,133.00632579631824,11.389579886328747,2.765952747111809,-5.999990034077972,-11.843303144818945,12.947389602661133,0.9258995056152344,08520152+1123226,11.78600025177002,11.425000190734863,11.380999565124512,AAA
598899791761930368,132.54406000010886,11.457130510336425,1.8455163423358794,-4.401340589812179,-1.301343072729435,11.85252857208252,0.5723867416381836,08501057+1127257,11.097000122070312,10.98900032043457,10.916000366210938,AAA
604714455925797248,133.63855545716626,11.474564551490678,1.424293733996442,-3.8522479871974618,-8.922803953964758,12.226449012756348,0.7161130905151367,08543326+1128286,11.343999862670898,11.10099983215332,11.034000396728516,AAA
604668830488853376,133.72611898534228,11.48069547255826,0.9498781571258501,-8.58712148559065,6.811903906794967,13.447787284851074,0.6522426605224609,08545427+1128504,12.604000091552734,12.352999687194824,12.302000045776367,AAA
604894196013523584,132.79818781785212,11.513872079909685,1.1881932825636883,0.2463565744811137,-1.0448072360262528,13.391684532165527,0.8680648803710938,08511156+1130500,12.340999603271484,12.057000160217285,11.925000190734863,AAA
604715417998469376,133.56012751373257,11.51996348917836,0.21788195636369115,-3.579972424064035,-6.247086402841002,13.703451156616211,0.8916654586791992,08541444+1131119,12.515999794006348,12.151000022888184,12.11400032043457,AAA
598949171001193344,132.05864568170333,11.558778809067839,0.5736318585150569,-1.7823465611773224,-1.151348485149624,13.792555809020996,1.078831672668457,08481407+1133318,12.420999526977539,11.956000328063965,11.875,AAA
604708790864617344,133.27223150913105,11.579903662294974,1.1824348074745221,-10.77571799975848,-2.6539955440705736,12.487086296081543,0.7848873138427734,08530535+1134477,11.501999855041504,11.22599983215332,11.173999786376953,AAA
604896498115955968,132.92939612707843,11.608003894698795,1.1711731381142008,-11.40419065583203,-2.369997333329492,13.983770370483398,0.8977241516113281,08514307+1136288,12.854000091552734,12.505999565124512,12.439000129699707,AAA
604712364277317760,133.30699655984208,11.643170418539922,1.871557053704074,-1.5555706288833542,-0.8156164575168519,13.095800399780273,0.8556175231933594,08531368+1138354,12.02299976348877,11.668000221252441,11.633999824523926,AAA
604912196220603264,132.6180038117233,11.702717639238987,1.1940471554837702,-10.978732829397114,-2.684953919988814,12.782184600830078,0.6962699890136719,08502833+1142097,11.89900016784668,11.654000282287598,11.586999893188477,AAA
598955218315109120,132.49108976820182,11.713441910891351,0.7189209151364152,-5.074733496635858,-0.8309281689967073,13.097420692443848,0.685791015625,08495786+1142484,12.218000411987305,11.96399974822998,11.914999961853027,AAA
604910310730772992,132.87549486282987,11.730511618992649,1.138710628995105,-11.12911073114846,-2.8893202276298915,12.992477416992188,0.7550859451293945,08513012+1143498,12.01099967956543,11.76099967956543,11.694000244140625,AAA
604904847532342528,132.95919551465744,11.749179294577926,1.0584768707355112,-10.795761707672012,-2.975355974228978,13.337077140808105,0.7885808944702148,08515022+1144570,12.083000183105469,12.053999900817871,11.942999839782715,UAA
604904847532342272,132.95878233483742,11.750082774087561,1.0697105003341298,-11.11275793256915,-3.1382083839085446,13.630523681640625,0.7737083435058594,08515013+1145002,12.135000228881836,12.314000129699707,12.116000175476074,UAE
604911410242410752,132.82491602481585,11.765053547768014,0.4388331104105751,-10.949329575006036,-2.480985301659308,12.604911804199219,0.7398748397827148,08511799+1145541,11.640999794006348,11.357000350952148,11.295000076293945,AAA
604916559907415040,132.89999250235624,11.775989013779908,1.146439920421915,-11.094550010354126,-2.6304655884441046,12.513200759887695,0.8826494216918945,08513600+1146335,11.380000114440918,11.074999809265137,11.0,AAA
598969168368919040,131.96375856111305,11.797198220322606,2.0311050307752807,-9.160575869902194,-6.348579231931046,11.226116180419922,0.6166219711303711,08475131+1147500,10.430000305175781,10.253000259399414,10.201000213623047,AAA
604917835513458688,132.87684134732825,11.81618806596341,1.362163023216833,-11.118914438527213,-2.9730411027298436,11.806251525878906,1.1673507690429688,08513044+1148582,10.333000183105469,9.779999732971191,9.689000129699707,UUA
604918591427679104,132.95471746722504,11.828766070130046,1.181074019560715,-9.651257620070947,-3.096236565559633,12.545654296875,0.7586517333984375,08514914+1149435,11.569999694824219,11.307999610900879,11.241999626159668,AAA
604918213470564992,132.90764848085288,11.849179731498772,1.1352754639503018,-10.754495806335168,-2.8386059575496683,13.323230743408203,0.74468994140625,08513784+1150570,12.388999938964844,12.147000312805176,12.085000038146973,AAA
604919450421136000,132.95130645659663,11.853308118669334,1.2044516648749157,-10.825689893654637,-2.9951921162634303,12.359346389770508,0.830657958984375,08514832+1151118,11.315999984741211,11.01200008392334,10.942999839782715,AAA
604921924322164608,132.74227388877856,11.87286832465289,1.2046753934273817,-11.17780767777843,-2.713906719888847,12.61484146118164,1.1156949996948242,08505816+1152223,11.196999549865723,10.706999778747559,10.62600040435791,AAA
604919789722800256,132.91693931839475,11.878705222461525,1.1667045150912894,-10.822617087722866,-2.723085826869601,13.650681495666504,0.7605657577514648,08514007+1152433,12.666000366210938,12.38599967956543,12.350000381469727,AAA
604922779020036992,132.8830724393302,11.88658613865033,1.1599406816400124,-11.068959465113068,-3.110246742822287,12.938089370727539,0.7373800277709961,08513194+1153117,12.012999534606934,11.723999977111816,11.670000076293945,AAA
604924776180388736,132.888485213631,11.994766716648753,1.090534475372965,-11.021047173720891,-2.951295422832321,13.652542114257812,0.8121442794799805,08513324+1159411,12.583999633789062,12.253999710083008,12.222000122070312,AAA
604937484987542272,133.44970731992197,12.04545449557683,0.6347682943848467,-1.9021266318472003,-2.4801691818503104,13.466777801513672,1.2252416610717773,08534794+1202435,11.937000274658203,11.394000053405762,11.27400016784668,AAA
604946732053144576,133.12820868227615,12.071358065332051,1.1628248034510882,-10.691631060828211,-2.796256471436334,13.060335159301758,0.7601718902587891,08523077+1204170,12.076000213623047,11.847999572753906,11.772000312805176,AAA
604955901807302784,133.16763113107297,12.143455430707686,1.5703961860049216,-5.236183535950628,-14.617829229622032,11.23090648651123,1.224043846130371,08524022+1208366,9.6899995803833,9.248000144958496,9.071999549865723,AAA
604953741439956224,133.34473258122853,12.146820770767548,0.6387339297251202,-3.085055933751823,-2.800249246868596,11.51624584197998,1.2001285552978516,08532275+1208484,9.970999717712402,9.442999839782715,9.336999893188477,AAA
605025622012414720,132.97469149107778,12.5071263302453,3.7639615081378723,2.4417458055504713,17.782541572173177,11.936795234680176,0.8270797729492188,08515392+1230252,10.88700008392334,10.550000190734863,10.491999626159668,AAA
598616809251923712,133.0865605238264,10.882246707135543,1.4544763198057133,-11.80358097091371,-8.980162084092797,10.532544136047363,1.273488998413086,08522077+1052562,8.892999649047852,8.368000030517578,8.244999885559082,AAA
608034985337312384,132.67821689294817,12.625778202910341,0.9160451417102934,-0.8925523227974398,6.0727463324066635,13.936897277832031,0.8539152145385742,08504277+1237326,12.866999626159668,12.505000114440918,12.456000328063965,AAA
605124333245775744,132.92819668001377,12.645001692250023,0.1414496479711711,-2.3817977092738394,-0.2684184154548395,13.69437313079834,1.2395915985107422,08514277+1238418,12.083999633789062,11.501999855041504,11.38700008392334,AAA
598656391670590848,132.6395174901195,10.960751513072486,0.9561177071545367,6.465285650745551,-6.555481982754921,13.163263320922852,0.747929573059082,08503347+1057389,12.164999961853027,11.899999618530273,11.861000061035156,AAA
608129715135964160,132.99808354171194,12.77350136908551,0.5414757800397519,-7.203133254940113,-4.034407190253261,12.838239669799805,1.2869024276733398,08515955+1246247,11.175000190734863,10.616000175476074,10.491000175476074,AAA
598849420385500544,132.4528026266593,11.083604923823872,4.640706132566092,-21.56295169110205,-9.38998978394842,11.839513778686523,0.8785429000854492,08494869+1105012,10.73799991607666,10.395000457763672,10.32699966430664,AAA
598683222330995584,132.78127550466624,11.117257901359746,2.2142342970493614,-0.8417622531406823,-26.446071403395152,12.268392562866211,0.7019863128662109,08510751+1107027,11.34000015258789,11.097000122070312,11.057000160217285,AAA
604633538742592256,133.3755342718415,11.151591293566597,4.822719454158558,-8.697132854050666,25.128419007569995,8.522579193115234,0.6639308929443359,08533014+1109053,7.5929999351501465,7.39300012588501,7.318999767303467,AAA
598854235044191104,132.39090971545838,11.178992407095324,0.860219899867583,-2.6959035077592044,-5.436423804213066,13.588483810424805,0.7848320007324219,08493381+1110445,12.59000015258789,12.270999908447266,12.180000305175781,AAA
598695694916018816,132.913386328557,11.31984853572705,0.80281595895363,-4.37499451336499,6.549933896044007,13.846713066101074,0.6359329223632812,08513921+1119114,13.015999794006348,12.748000144958496,12.699999809265137,AAA
604696730596495744,133.06893593561463,11.32727383578348,1.1786922233481287,-11.138656421252609,-2.7023164339274683,9.695972442626953,1.4203510284423828,08521656+1119380,7.875,7.232999801635742,7.11899995803833,AAA
604662229123483904,133.7220542728314,11.332406911643682,4.654428393971963,-32.575347996898785,-27.81907356715041,12.91700553894043,1.2133674621582031,08545333+1119571,11.428999900817871,10.902999877929688,10.833999633789062,AAA
598894637801176832,132.45907207287712,11.425776768706774,2.780294207082627,10.504251684264373,-24.22610108775732,9.760711669921875,1.1134462356567383,08495016+1125332,8.305999755859375,7.849999904632568,7.752999782562256,AAA
598886052161851264,132.81306021024957,11.445161160460767,1.1654125854104487,-10.883815849483836,-2.8745912570515872,13.01501750946045,0.7491655349731445,08511515+1126426,12.083999633789062,11.781000137329102,11.725000381469727,AAA
604707240381379584,133.34035032982823,11.501467194494245,0.9995019797894978,-2.537570863983771,-2.65904696927691,13.7955904006958,0.7800559997558594,08532168+1130052,12.817000389099121,12.555000305175781,12.522000312805176,AAA
604704770775147520,133.04566489986095,11.530330529683916,1.1698836129931296,-10.988945658605942,-2.6463775334936304,10.587040901184082,1.2933540344238281,08521097+1131491,8.920999526977539,8.387999534606934,8.251999855041504,AAA
604896051439390848,132.77967189428244,11.596839700389491,1.1809791276690245,-10.491897345886088,-3.564236200997116,13.992013931274414,0.7688274383544922,08510714+1135486,13.02299976348877,12.718999862670898,12.67199993133545,AAA
604893955495305088,132.9625816119537,11.61741274768673,1.1214490794886283,-18.30737357442978,5.447342011536355,13.153064727783203,0.6784420013427734,08515104+1137025,12.25100040435791,12.03499984741211,11.965999603271484,AAA
604897288389928832,132.93714865266165,11.649703245137971,1.1592611514668354,-11.19195892476042,-2.7318353390341716,13.41042709350586,0.733799934387207,08514493+1138589,12.491999626159668,12.244999885559082,12.180999755859375,AAA
604912058781650176,132.59001250522766,11.682053365222018,1.1718849113059844,-10.810660644925889,-3.070905992993495,13.542889595031738,0.7376613616943359,08502161+1140553,12.612000465393066,12.315999984741211,12.282999992370605,AAA
598908209897823232,132.51923128821204,11.693971910867795,1.7233840998630903,-23.33149571138288,5.2559088900122255,13.908437728881836,0.8347797393798828,08500464+1141382,12.845999717712402,12.526000022888184,12.444000244140625,AAA
598964117487368576,132.15306341052678,11.720440089796528,0.9147958990333547,-0.3264341895368169,-8.950180983317884,13.988395690917969,0.7208843231201172,08483673+1143138,13.0649995803833,12.822999954223633,12.732999801635742,AAA
604914189085426560,132.69854336835243,11.747613659568293,1.19102529054882,-11.073850663281348,-2.85939122221132,12.577873229980469,0.6597557067871094,08504766+1144513,11.746000289916992,11.526000022888184,11.458999633789062,AAA
604904916251824000,132.94436662464312,11.749406376359353,1.337138997372729,2.2804167689430184,-17.028773328308862,12.734362602233887,0.6787252426147461,08514664+1144581,11.821999549865723,11.60099983215332,11.557999610900879,AAA
604911509025877248,132.77006290559672,11.765787924725634,1.1297534408615237,-11.180113572143135,-2.7850391802129577,13.367362022399902,0.7794246673583984,08510483+1145568,12.420000076293945,12.111000061035156,12.067999839782715,AAA
604925875692160640,133.28213908959654,11.803575143883874,1.1743568146344643,-10.97614651775106,-2.870098525950697,13.524063110351562,0.7305335998535156,08530772+1148129,12.611000061035156,12.366000175476074,12.284000396728516,AAA
604917796857988480,132.89927206176378,11.814308747137101,1.1516329474587597,-11.094732820676093,-2.92446808839029,13.462918281555176,0.7534198760986328,08513583+1148515,12.517000198364258,12.237000465393066,12.178999900817871,AAA
604918041671889792,132.86723116425335,11.824293743634895,1.1683850267716152,-10.523383169197444,-2.3989707883369396,12.667932510375977,0.6588916778564453,08512814+1149274,11.800999641418457,11.51099967956543,11.451000213623047,AAA
604920756091232256,132.8199008884277,11.844159233252451,1.1340618263041007,-10.804583284723009,-3.085972617466993,13.021137237548828,0.7542085647583008,08511679+1150389,12.04800033569336,11.741999626159668,11.718999862670898,AAA
604918247830312576,132.87479917720938,11.852503672083786,1.1614754067924695,-11.075499859769742,-3.083520661446679,13.943488121032715,0.7974205017089844,08512996+1151090,12.925999641418457,12.630000114440918,12.598999977111816,AAA
604921168408082048,132.84330749134082,11.858108397755396,1.1553988837847953,-10.971762351217205,-2.9579439288922376,13.148641586303711,0.747004508972168,08512240+1151291,12.194999694824219,11.95199966430664,11.862000465393066,AAA
604921198472075008,132.86996312231452,11.866647749676654,1.153299274447539,-11.027758404833849,-2.8579704339902987,12.497737884521484,0.8518304824829102,08512879+1151599,11.432999610900879,11.104000091552734,11.02400016784668,AAA
604931064012660992,133.16029349552159,11.898936602283255,1.120753585624436,-11.017936012891525,-2.999875624255834,13.50818920135498,0.7412548065185547,08523846+1153563,12.5649995803833,12.364999771118164,12.276000022888184,AAA
604922302279259008,132.81900117845774,11.904198115103897,1.1565504825451691,-10.704862106915012,-2.8825533202109552,13.402017593383789,0.7782325744628906,08511657+1154151,12.440999984741211,12.20300006866455,12.116000175476074,AAA
604922886394972160,132.92173740543262,11.908062443017352,1.2049308891291945,-11.067134202425379,-2.9028143256332104,12.646031379699707,0.7396383285522461,08514122+1154290,11.70300006866455,11.465999603271484,11.397000312805176,AAA
604969748782357888,132.74677231164677,11.943561772184363,1.1962631901262595,-11.02962494675084,-2.7174879477827725,13.085290908813477,0.7594423294067383,08505923+1156368,12.121999740600586,11.845000267028809,11.789999961853027,AAA
604944803611816960,133.14845952145765,11.981164404375486,1.1289077918605201,-10.977503439739637,-3.0873929791483334,13.277874946594238,0.7831239700317383,08523563+1158523,12.291000366210938,12.02299976348877,11.942000389099121,AAA
604982358806160896,132.25576488293478,11.982954171781554,1.1386064042740598,-10.881996959982933,-3.0340778062096803,13.554418563842773,0.7324552536010742,08490139+1158587,12.612000465393066,12.375,12.314000129699707,AAA
604971402345380736,132.79037517023778,11.987127079679214,1.0080907465096915,-10.78862169419301,-2.820068016270842,13.419159889221191,0.7644329071044922,08510970+1159136,12.425000190734863,12.131999969482422,12.057000160217285,AAA
604938447060218112,133.29893912822533,11.991947023428624,1.141125443305171,-11.108305390969512,-2.9362291469432265,12.620319366455078,0.7239789962768555,08531175+1159310,11.699999809265137,11.491000175476074,11.373000144958496,AAA
604968752349766912,132.54139142811897,11.998307464479774,1.1695584827783538,-10.890095381337822,-2.9500861746811626,13.780851364135742,0.7681617736816406,08500995+1159539,12.819999694824219,12.57800006866455,12.496999740600586,AAA
604983737491540736,132.27227770110238,12.037021945139857,0.579739368168317,-1.559087118132793,-5.489126939661725,13.775667190551758,0.6586132049560547,08490535+1202135,12.9350004196167,12.65999984741211,12.644000053405762,AAA
605030741613063680,133.56480392687408,12.053264754707557,1.982955502521157,-14.235224030774667,-3.654055365035245,13.753602027893066,0.9370613098144531,08541558+1203117,12.604999542236328,12.187000274658203,12.152000427246094,AAA
604995419802460288,132.90556785469846,12.055400688224605,1.1597425525817517,-10.80287029210822,-2.908852657995225,13.560873031616211,0.7444753646850586,08513734+1203193,12.581999778747559,12.347000122070312,12.288000106811523,AAA
604988680998017536,132.63092016624597,12.11569882867731,0.4281764822110065,-1.688417572405624,0.3330001553019153,13.920276641845703,1.005528450012207,08503142+1206565,12.609999656677246,12.197999954223633,12.093999862670898,AAA
601986503153516800,132.02386785738045,12.12799990555796,1.3215390325864627,-2.8694556660819788,-7.5190401887952065,13.421472549438477,0.7086944580078125,08480573+1207410,12.503999710083008,12.302000045776367,12.21500015258789,AAA
607987736401416704,132.20700357198277,12.129860341771625,14.611773786051803,-51.91460425182392,-0.7749797084709436,12.296417236328125,1.8587875366210938,08484974+1207475,10.163000106811523,9.552000045776367,9.35200023651123,AAA
604977376644269952,132.73846053456066,12.15204839444834,3.640317045094851,-28.229306963859493,-24.569960108881535,13.896828651428223,1.3408546447753906,08505726+1209078,12.28600025177002,11.706000328063965,11.59000015258789,AAA
604977587098272768,132.7334683384659,12.157997828007328,1.1720334661995724,-10.889207617792554,-2.8801927530193048,13.204584121704102,0.7112016677856445,08505604+1209288,12.293999671936035,12.086999893188477,11.982999801635742,AAA
608005122429028608,131.95130348161507,12.274922260724779,3.7537805179693535,-33.6435582741948,-53.39137070448441,13.233224868774414,1.1101980209350586,08474835+1216307,11.802000045776367,11.32699966430664,11.26099967956543,AAA
605008682661424384,132.98061034433417,12.290505727111585,2.179478751407887,-5.984430768079532,-5.257181528977571,10.772595405578613,0.6444797515869141,08515536+1217258,9.968000411987305,9.78499984741211,9.675999641418457,AAA
605025244055310720,132.905217488189,12.473816828216577,1.5095165507281494,4.307371580636671,-18.134096324565213,13.448203086853027,0.8477792739868164,08513724+1228260,12.319000244140625,11.968999862670898,11.944000244140625,AAA
608026528546174720,132.50275671525685,12.506953522962577,2.4913846410945153,-16.384988604466244,-30.156120160412847,12.179083824157715,0.7446994781494141,08500068+1230257,11.241999626159668,10.937999725341797,10.942999839782715,AAA
608030587290798464,132.76242825777254,12.548251698728928,5.084512076625216,-36.30457363220512,28.961114613613958,10.26648998260498,0.6796541213989258,08510303+1232531,9.22599983215332,8.991000175476074,8.918999671936035,AAA
605125089159188352,133.0632689339137,12.654780615272566,3.1409804542707147,-9.780170782355762,-1.627816698972091,10.367642402648926,0.6920509338378906,08521519+1239172,9.50100040435791,9.265999794006348,9.206000328063965,AAA
598668348859510912,132.80668981602963,10.996230533439991,0.7912485314677228,-3.901542908424952,-3.8837524624056847,13.243391990661621,0.6475076675415039,08511361+1059465,12.383999824523926,12.199000358581543,12.1899995803833,AAA
608049347707952768,132.57183616210656,12.743737102879093,1.110754706642495,-4.059413454360036,-2.4554988854638693,13.516563415527344,0.6777143478393555,08501724+1244375,12.66100025177002,12.38700008392334,12.366000175476074,AAA
598848256449732352,132.28771386209303,11.032818658306947,1.2751114115045072,-9.237790928330458,-4.834680436626712,12.758054733276367,0.6800060272216797,08490906+1101582,11.866999626159668,11.630999565124512,11.609999656677246,AAA
604629248070309248,133.45876229017983,11.097317874138085,1.2005180246542753,-10.927040164274146,-2.3088371852537586,12.874134063720703,0.7593469619750977,08535011+1105503,11.895999908447266,11.668000221252441,11.550000190734863,AAA
598852242179375232,132.30004397194548,11.12837826684789,3.2859982058079655,-2.661102414101202,-34.6371637464332,11.744475364685059,0.7268514633178711,08491201+1107428,10.800000190734863,10.510000228881836,10.461999893188477,AAA
604633852275255680,133.36419551334322,11.184642243359276,1.8506101633339125,-17.291795801750908,-6.507009794354738,10.622676849365234,1.0553741455078125,08532742+1111047,9.288999557495117,8.78600025177002,8.74899959564209,AAA
604680856397344128,133.34228084075914,11.206400330944396,0.18606736926070847,0.06824251819289329,-0.6984442261933479,13.656553268432617,1.1192798614501953,08532214+1112230,12.199000358581543,11.690999984741211,11.633000373840332,AAA
598878424300068352,132.47998197025302,11.252778942347105,2.4558152309639096,-11.460123849576743,-17.868133783796146,8.21222972869873,1.1176261901855469,08495521+1115102,6.767000198364258,6.258999824523926,6.170000076293945,AAA
598878802258220800,132.4039237710883,11.25995283553357,0.9133060565490215,0.4569194113016853,1.3995482745898857,12.852476119995117,0.7314825057983398,08493693+1115358,11.9350004196167,11.682000160217285,11.616999626159668,AAA
598911542792049152,131.96963655107845,11.26554204353388,1.1715897291316215,-4.181262829534806,6.590830955884406,13.590912818908691,0.7312936782836914,08475271+1115558,12.567999839782715,12.246000289916992,12.20199966430664,AAA
598692538115255552,132.98698662447399,11.299593809850956,1.703388254699305,12.917120637228201,-6.2663817860461695,12.197569847106934,0.6051826477050781,08515686+1117586,11.388999938964844,11.156999588012695,11.130999565124512,AAA
598892339994035200,132.3322163261529,11.351852458751797,0.9391422890021736,-0.441059288194325,-6.244651648394982,13.89065933227539,0.8205223083496094,08491972+1121067,12.786999702453613,12.484999656677246,12.394000053405762,AAA
598884746491793024,132.85114939975372,11.388125297348465,1.1537852378067346,-11.078434808363085,-2.691712018221767,13.011026382446289,0.7392644882202148,08512428+1123173,12.052000045776367,11.805000305175781,11.746000289916992,AAA
604699445015802624,133.18597873758358,11.43037089031248,1.125665209670883,-10.694366980267864,-2.8199446802924397,13.756668090820312,0.7459802627563477,08524464+1125494,12.821000099182129,12.560999870300293,12.473999977111816,AAA
598885777283950848,132.75467899209937,11.436625463058855,0.9300418060899904,-3.6061672420770967,-4.81788550758158,13.48072624206543,0.8643970489501953,08510113+1126119,12.342000007629395,12.015000343322754,11.956999778747559,AAA
604694153616062208,133.44021637667134,11.441845178662492,3.165806775849207,-7.192020478278245,-7.1426422643422836,11.893030166625977,0.7968235015869141,08534566+1126307,10.881999969482422,10.564000129699707,10.50100040435791,AAA
598898043710588672,132.40397813282055,11.484203509033264,1.2922175720738975,5.003571434907915,-6.402794820213012,13.722758293151855,0.8475837707519531,08493694+1129032,12.647000312805176,12.312999725341797,12.269000053405762,AAA
598890347129151104,132.72102287875396,11.522250361479744,1.1694071841513647,-10.959891791702546,-3.163608800992405,13.230781555175781,0.7523956298828125,08505306+1131201,12.25100040435791,12.013999938964844,11.92300033569336,AAA
598937072077647232,131.9241919298204,11.527839793222556,1.3938250978672944,-14.814594388670667,-2.9628615132815095,13.78251838684082,0.8236112594604492,08474182+1131402,12.767000198364258,12.479999542236328,12.347999572753906,AAA
604669582107485952,133.75953057059962,11.532253271023755,1.7266520434429053,0.005491166929961544,-14.042536334441152,9.171468734741211,1.3023738861083984,08550228+1131563,7.4720001220703125,6.947000026702881,6.806000232696533,AAA
604707622633508992,133.33207944114994,11.539813152009016,0.242834183886454,-0.43426774391050094,-17.142480918674817,13.47763442993164,1.0586824417114258,08531969+1132235,12.088000297546387,11.586999893188477,11.512999534606934,AAA
604896635554923008,132.8839407689015,11.603474200237882,1.1568720743566456,-11.192896954401569,-2.86584517287699,13.151058197021484,0.7461137771606445,08513215+1136126,12.206999778747559,11.96500015258789,11.90999984741211,AAA
604908416649384960,132.6748898176904,11.614602330455092,1.2122412935346087,-11.147886898276813,-2.995718773719069,12.498255729675293,0.8654661178588867,08504198+1136525,11.40999984741211,11.062000274658203,10.998000144958496,AAA
604896566835438464,132.90699758067746,11.617702261869198,1.3773084158232212,-11.124914177752263,-2.056420440402789,12.22070026397705,0.5397787094116211,08513769+1137037,11.550000190734863,11.41100025177002,11.340999603271484,AAA
598961609226483456,132.01535577819666,11.622511457951907,3.6945580271518814,-29.07465192569613,0.09051777224998647,10.741281509399414,0.5999670028686523,08480371+1137211,9.956999778747559,9.765999794006348,9.708999633789062,AAA
604897047871749376,132.97266682757402,11.642391248543529,1.163966201676433,-10.84199757338084,-2.753510194000299,12.537870407104492,0.7494058609008789,08515345+1138326,11.567000389099121,11.312000274658203,11.276000022888184,AAA
604909000764935936,132.72110263208714,11.667283984723577,1.1413474446249217,-11.005223893228894,-2.946740065017295,13.522218704223633,0.742527961730957,08505308+1140021,12.57699966430664,12.343999862670898,12.258999824523926,AAA
604727654360927104,133.72157257339495,11.706152965435502,0.4906486091726532,-7.784474143513137,-5.861167845893785,9.223451614379883,2.277615547180176,08545316+1142222,6.560999870300293,5.716000080108643,5.422999858856201,AAA
604911199788235648,132.81779657290343,11.742470236647666,1.1727584165852136,-11.02582970860762,-2.8496935078284134,13.301689147949219,0.7668428421020508,08511628+1144328,12.307999610900879,12.020999908447266,11.954000473022461,AAA
604905534727086336,133.05590423274012,11.767011728804635,1.1655713612446685,-10.876591561405313,-3.1932417185873505,13.319091796875,0.6483659744262695,08521342+1146013,12.506999969482422,12.284000396728516,12.237000465393066,AAA
598965487581269504,132.081231851401,11.778062550683096,1.3505893774311006,-7.013679646275351,-13.567582096657214,12.925371170043945,1.1156435012817383,08481950+1146414,11.532999992370605,11.0649995803833,10.960000038146973,AAA
604905019331022080,132.99374956558643,11.781416089515197,1.4259508770989169,-17.001658639361594,7.390234029286538,12.299664497375488,0.7902507781982422,08515852+1146529,11.263999938964844,10.98799991607666,10.906999588012695,AAA
604917629355038720,132.850311092646,11.806077942155428,1.1559613347905093,-11.139411248344263,-2.9031394729747797,12.679014205932617,0.7448348999023438,08512408+1148218,11.729999542236328,11.479999542236328,11.427000045776367,AAA
598969477606561792,131.9944072468673,11.814658956024594,1.7037146169822168,-9.321755863489724,-16.920021827561364,13.734477996826172,0.9092159271240234,08475867+1148531,12.607000350952148,12.256999969482422,12.211999893188477,AAA
604917663714774784,132.85391265515494,11.816874464105041,1.2258146711835962,-9.847699282419299,-3.256774812901664,13.094708442687988,0.7679071426391602,08512495+1149007,12.128000259399414,11.833999633789062,11.781999588012695,AAA
604906702958193152,133.00893277320804,11.818979478458504,1.1807411446386769,-10.604158293282133,-2.7253266180685753,13.21865463256836,0.7462158203125,08520215+1149083,12.260000228881836,11.972000122070312,11.92300033569336,AAA
604918041671892352,132.86046098811008,11.822305410733648,1.1482388377692994,-10.752116040977233,-2.4864182536685666,13.336247444152832,0.7547025680541992,08512652+1149202,12.347999572753906,12.092000007629395,12.015000343322754,AAA
604906737317927296,133.02972942766417,11.823727025673374,1.1570041195447474,-10.852097717416992,-2.7392166784412186,13.264435768127441,0.7403240203857422,08520715+1149254,12.312000274658203,12.079000473022461,12.013999938964844,AAA
604917934296938240,132.9268333531552,11.831089645075567,1.172419008532738,-11.034987867803295,-2.6685513116495203,12.40565299987793,0.7626152038574219,08514245+1149519,11.427000045776367,11.156000137329102,11.097000122070312,AAA
604918179110923392,132.89268700719853,11.848460302513542,1.1072005613942684,-10.674032914255648,-2.6592580671758217,13.557446479797363,0.7238359451293945,08513425+1150544,12.585000038146973,12.340999603271484,12.256999969482422,AAA
604907218354250496,133.0778891508009,11.859358002312232,2.9866675575542154,7.618735838106092,-13.69661413306888,12.083039283752441,0.7440643310546875,08521867+1151339,11.13700008392334,10.836999893188477,10.803000450134277,AAA
604918282190043648,132.89017067428628,11.862498376939232,-0.12074027232455467,-11.593723434586025,-2.508816208308544,13.11605453491211,0.8010568618774414,08513364+1151449,12.026000022888184,11.718999862670898,11.652000427246094,AAA
604921374566324992,132.83199152304246,11.869638921895687,1.1417129723773067,-11.141366496938833,-3.3194285431144994,13.745494842529297,0.819188117980957,08511969+1152107,12.717000007629395,12.368000030517578,12.305000305175781,AAA
604921271487102464,132.85629405396207,11.87744089449727,1.14643050404975,-10.672398106924422,-2.88575516255783,13.119683265686035,0.7652111053466797,08512552+1152388,12.149999618530273,11.897000312805176,11.8100004196167,AAA
604921855602675840,132.78127078733152,11.882246851764018,1.1172560393619997,-11.092029463466428,-3.3215245888541185,13.732728004455566,0.7682867050170898,08510752+1152561,12.744000434875488,12.493000030517578,12.413000106811523,AAA
604921438990241280,132.81560950891807,11.882997663173677,1.2440520907271904,-11.778616264215096,-1.5964761158001681,12.673017501831055,0.7448768615722656,08511576+1152587,11.727999687194824,11.45300006866455,11.390999794006348,AAA
604969203322163840,132.70041475145578,11.913238056840607,1.1281623824642129,-10.867065693412952,-2.9609140656732618,13.952460289001465,0.7931795120239258,08504811+1154476,12.963000297546387,12.668000221252441,12.611000061035156,AAA
604924497006948736,132.9079756454988,11.980314706148244,5.259112145498908,-38.76255154706057,-7.8382156223019335,12.583745956420898,1.163766860961914,08513795+1158491,11.137999534606934,10.685999870300293,10.579000473022461,AAA
604979987984213632,132.44905831010325,11.980702618949046,1.1517035789481922,-10.936121844945625,-3.1951559458538035,13.207406997680664,0.7340030670166016,08494779+1158506,12.291999816894531,12.034000396728516,11.975000381469727,AAA
604948381320634880,132.91841386338848,12.030625796572226,1.281584079905263,-10.185527505436326,1.4157273895383677,12.505260467529297,0.7058000564575195,08514042+1201501,11.595999717712402,11.354999542236328,11.281000137329102,AAA
604974322923167488,132.66817765209467,12.044008196478378,1.1506098304151267,-10.97615684239501,-3.115945712232021,13.701820373535156,0.7429971694946289,08504037+1202385,12.78600025177002,12.515000343322754,12.465999603271484,AAA
604975250636113792,132.6157724516098,12.066119220065424,1.6130154283238427,14.543480434101923,-13.999850942698913,13.032523155212402,0.8201999664306641,08502777+1203583,11.99899959564209,11.663999557495117,11.628999710083008,AAA
604973085972551296,132.76953337602475,12.072005630471182,1.1485572710917131,-10.932152309281328,-2.9598280080646333,13.405049324035645,0.7436885833740234,08510470+1204193,12.472000122070312,12.194000244140625,12.13599967956543,AAA
604995656025104768,132.86656156439935,12.072211703930616,3.0312809685521507,-19.455860884422297,-3.6802216974316435,12.061598777770996,0.7552661895751953,08512799+1204198,11.128000259399414,10.869000434875488,10.800999641418457,AAA
604987237889006336,132.59604508491157,12.104049467788922,1.0096340606750631,0.21522558130294667,-14.027631569377451,13.347562789916992,0.8258352279663086,08502305+1206148,12.28600025177002,12.057999610900879,11.906000137329102,AAA
604941097056229760,133.48848257716904,12.109926760251462,0.06351615524619332,-0.6458609626154151,-4.329634033533112,13.717589378356934,1.3545427322387695,08535725+1206357,11.982000350952148,11.329000473022461,11.230999946594238,AAA
604950133667243520,133.09994409287407,12.114531004068027,1.3800058190616915,-8.719666987206555,-8.605223710134258,13.61859130859375,0.8791646957397461,08522398+1206524,12.51099967956543,12.156999588012695,12.088000297546387,AAA
605032287801286016,133.6248877595375,12.137240621768782,1.6324331661030314,-8.014973596668472,-4.552279036555912,13.577125549316406,0.8675146102905273,08542999+1208140,12.508999824523926,12.206000328063965,12.156000137329102,AAA
601998318607804032,131.90803831066953,12.14398359782805,0.8961207564523231,-5.991007510024742,-1.9650162904899071,12.57607650756836,0.6060333251953125,08473793+1208384,11.777000427246094,11.571999549865723,11.529000282287598,AAA
607991515972636800,132.05027350598166,12.1553131895745,0.5622326358880106,-3.09135113945332,-3.0221116259126344,11.674190521240234,1.1629352569580078,08481206+1209193,10.182000160217285,9.6850004196167,9.562000274658203,AAA
604992258706635520,132.39087730250452,12.170842774554602,16.694126797894192,-39.07127325122744,22.535195292925934,7.600093364715576,0.6712870597839355,08493387+1210146,6.7230000495910645,6.519999980926514,6.4670000076293945,AAA
601999250616455168,131.8983060301823,12.17069243211625,1.5435949287383588,1.030789360111977,-5.347180338733013,8.218384742736816,1.418419361114502,08473559+1210146,6.390999794006348,5.751999855041504,5.611999988555908,AAA
605049020993801856,133.46353984976938,12.25970380221892,0.732379258221126,-4.469662854222138,-2.488210684472889,13.761910438537598,0.7328596115112305,08535126+1215348,12.8149995803833,12.52299976348877,12.475000381469727,AAA
607997288408680064,132.42047277299906,12.290082436160594,0.8905835150934561,0.9862800111478858,-4.213977013587371,9.610016822814941,1.3470144271850586,08494091+1217243,7.874000072479248,7.289000034332275,7.144000053405762,AAA
605026304912470272,132.8236488889872,12.4614674796311,0.879442859350733,-17.39857458493127,-5.500930263082939,13.766075134277344,0.7337751388549805,08511770+1227413,12.800999641418457,12.517999649047852,12.461000442504883,AAA
605061901600302336,133.54222907163572,12.473703389635686,1.1135573121076263,4.080082430794956,-5.650828658024814,13.011368751525879,1.0206775665283203,08541013+1228253,11.685999870300293,11.258999824523926,11.201000213623047,AAA
608031137046619520,132.6758049160293,12.545283628217327,5.26482375792599,-21.7339063231707,-13.989717580491845,13.367463111877441,1.4838228225708008,08504222+1232433,11.58899974822998,10.996000289916992,10.881999969482422,AAA
608019695253873152,132.24275642773165,12.55076464707209,1.551438919511932,-6.809562271512214,0.84275743983077,13.166001319885254,0.7360563278198242,08485826+1233028,12.22599983215332,11.92199993133545,11.890000343322754,AAA
598655906338983296,132.62272512758017,10.928113902849546,2.4473512943364826,-8.057551435894458,-3.1623534247745244,13.784744262695312,1.0266313552856445,08502945+1055413,12.470000267028809,12.050999641418457,11.972000122070312,AAA
598667764743965440,132.7919694130978,10.962478678757863,1.8811356927197191,1.809171719255404,-8.339271775180046,12.427362442016602,0.6609869003295898,08511007+1057450,11.569000244140625,11.35200023651123,11.312000274658203,AAA
598660201306278272,132.52845426106904,11.000649893164603,1.3522013622606504,-3.0291788131685413,7.2711305300445215,13.232776641845703,0.7380771636962891,08500682+1100023,12.288000106811523,12.01099967956543,11.970999717712402,AAA
598669791968513792,132.84527317068336,11.009250655850797,1.655811491703553,-3.811675940510881,0.3444248339793098,13.917928695678711,0.8433094024658203,08512287+1100333,12.822999954223633,12.5649995803833,12.477999687194824,AAA
598669379651632640,132.9590486920077,11.0277595058367,5.320404916292307,-40.65623008020273,-12.938477189368356,10.986977577209473,0.8951282501220703,08515022+1101401,9.791999816894531,9.456000328063965,9.383000373840332,AAA
598848531327630976,132.34794608328627,11.059284605195213,3.660808211103768,-42.584832634038044,-27.067120570819945,13.197546005249023,1.108201026916504,08492355+1103338,11.831000328063965,11.319999694824219,11.239999771118164,AAA
608131982878707072,132.81870526728545,12.786534722196182,0.8914188303017108,-15.23452535574294,-0.5660426174254306,13.590666770935059,0.8741054534912109,08511650+1247115,12.475000381469727,12.159000396728516,12.11400032043457,AAA
598677351110910848,132.9826680347587,11.158653398660139,1.9119059159161482,-11.870965622511504,-6.15935854928363,11.6240816116333,0.5476102828979492,08515586+1109312,10.866999626159668,10.76200008392334,10.71399974822998,AAA
604640174467098496,133.47601440992116,11.241346092881328,2.8476067711026527,-12.086561533500573,-20.177444730645576,13.281790733337402,0.9729080200195312,08535425+1114291,12.041000366210938,11.66100025177002,11.576000213623047,AAA
598696352046226560,132.88767435828663,11.338411857813488,0.5334004190591883,2.1788094389495507,-3.1373675274782213,11.551833152770996,1.1530885696411133,08513303+1120184,10.041000366210938,9.557000160217285,9.461000442504883,AAA
604662469641651968,133.6965134884822,11.344945311481496,1.6042544392314502,-1.3535504324119905,6.097475389982424,13.059645652770996,0.88543701171875,08544716+1120416,11.944999694824219,11.652000427246094,11.571000099182129,AAA
598697142320464384,132.8908331098342,11.380828708219632,1.1740150483126517,-11.20109087905628,-2.7015053797169237,12.609519004821777,0.7245473861694336,08513381+1122511,11.70199966430664,11.4399995803833,11.364999771118164,AAA
604701128643010816,132.98140766692794,11.402848515506244,1.1546228221033752,-11.14021812325821,-3.0011032444345016,13.139835357666016,0.7331485748291016,08515555+1124102,12.1899995803833,11.994999885559082,11.878999710083008,AAA
604705011293412992,133.2354116301615,11.422863547790428,1.2217942403975317,-10.989889979777232,-2.7781200418548813,12.90549373626709,0.7209367752075195,08525650+1125224,11.986000061035156,11.720999717712402,11.687000274658203,AAA
598921030375475200,132.09606076368323,11.431037105227423,1.1803690398130589,-8.31682762461192,-6.953083615081426,12.916468620300293,0.6109380722045898,08482306+1125518,11.947999954223633,11.91100025177002,11.824999809265137,UAA
604669208447558144,133.71021356034345,11.508536398674794,4.411388711156342,6.7173225346313234,-12.58581026966229,12.710918426513672,1.1209049224853516,08545044+1130309,11.33899974822998,10.899999618530273,10.793000221252441,AAA
604891992694503040,132.9692751804121,11.513021898337534,1.1530682551257954,-10.906218556958287,-2.736487562296405,13.591028213500977,0.7369041442871094,08515264+1130468,12.64900016784668,12.376999855041504,12.362000465393066,AAA
604731807593667328,133.41803226458995,11.61583327692037,1.8606918745979608,-17.516755026815552,-10.66706361448614,13.623719215393066,0.8892145156860352,08534035+1136571,12.47599983215332,12.184000015258789,12.12399959564209,AAA
604897838145769472,132.83984755498966,11.652363899720317,0.9897968279302767,-6.887269076450472,0.7331524285705359,13.516213417053223,0.663970947265625,08512157+1139084,12.635000228881836,12.402999877929688,12.366000175476074,AAA
604903232624649344,132.97116915166364,11.681566308474741,1.1593447725621102,-11.223499757844134,-2.9377392337531636,13.210978507995605,0.7592754364013672,08515309+1140536,12.25100040435791,11.984000205993652,11.904999732971191,AAA
604911341522929536,132.83465900484816,11.764564997160335,1.1986223583881732,-10.867625769603581,-2.967232664938089,13.010175704956055,0.7429924011230469,08512033+1145523,12.060999870300293,11.821999549865723,11.767000198364258,AAA
604917281461920256,132.8337997855924,11.778252739493274,1.1699554087559814,-10.831786398356805,-2.602016333286855,12.624251365661621,0.7290639877319336,08512012+1146416,11.690999984741211,11.4399995803833,11.387999534606934,AAA
604917491916095872,132.82781372722755,11.784075469924868,1.2085704522467644,-10.799551416914994,-2.7624651108152958,12.357131958007812,0.9978361129760742,08511868+1147026,11.017000198364258,10.619000434875488,10.529000282287598,AAA
604740882860200704,133.65496297230152,11.787146943342142,0.9469955068909047,-10.329979482726046,-3.9362684793359506,9.526054382324219,1.642568588256836,08543720+1147137,7.480000019073486,6.795000076293945,6.552000045776367,AAA
604740711061513856,133.59407270650814,11.791378005926022,0.9259562297073732,-2.0497920492916686,-8.920250942026131,13.51427936553955,1.2450876235961914,08542258+1147290,11.95199966430664,11.496000289916992,11.359999656677246,AAA
604917629355038848,132.8454253721632,11.813720717979884,1.1644076200402365,-11.033650343575852,-2.8496391354890416,12.549205780029297,0.7349367141723633,08512291+1148493,11.612000465393066,11.359999656677246,11.312999725341797,AAA
604920653012018688,132.83005654526977,11.823428603806073,1.1673580229650813,-11.123170449572397,-2.91852304245586,13.716890335083008,0.7547760009765625,08511922+1149243,12.748000144958496,12.468000411987305,12.427000045776367,AAA
604919480485158784,132.92646568694238,11.85639705755515,1.2151630265626014,-10.844358822642228,-2.857966022213159,10.972070693969727,1.2251043319702148,08514235+1151230,9.402999877929688,8.854000091552734,8.76200008392334,AAA
598975593640168320,132.07201309431503,11.864175965559525,3.2432485813982526,-22.92971036992035,0.16466953296389866,10.680747985839844,0.6537618637084961,08481731+1151510,9.848999977111816,9.633000373840332,9.562999725341797,AAA
604930544320911744,133.13084218561468,11.864248842230008,1.1712627032770904,-10.907533657929193,-3.068279967340631,13.566597938537598,0.7476072311401367,08523139+1151514,12.611000061035156,12.354999542236328,12.321999549865723,AAA
604921202767814528,132.86250050005347,11.864594294721323,1.1612934664213521,-10.910086136415888,-2.6739446183740516,10.931227684020996,0.12256050109863281,08512701+1151525,10.746999740600586,10.732999801635742,10.70199966430664,AAA
604922164840316672,132.80283852526637,11.878444829397731,1.1771229084364088,-10.889599866003579,-2.8349680661291017,10.222874641418457,1.2390193939208984,08511269+1152423,8.649999618530273,8.121999740600586,7.97599983215332,AAA
604922779020036736,132.87993579554507,11.888320878491179,1.1504785003477478,-10.752222471218273,-2.9912253092153875,13.567353248596191,0.7629566192626953,08513119+1153179,12.602999687194824,12.32699966430664,12.267000198364258,AAA
604923882827217024,132.8279619457319,11.930467749019583,1.1423449412242836,-10.86571156811058,-3.040785647484361,13.979340553283691,0.7859430313110352,08511872+1155497,12.98799991607666,12.6850004196167,12.67300033569336,AAA
604924570021956608,132.90469710795477,11.984031185321362,8.886459930173244,-30.68822422398554,0.5207548884246622,10.7440767288208,0.9687595367431641,08513715+1159024,9.48900032043457,9.097999572753906,9.027999877929688,AAA
604948106442727424,132.93192974386156,12.015287867117046,1.496366532095305,-9.178597836769946,-2.890163543640125,13.428265571594238,0.809478759765625,08514366+1200549,12.381999969482422,12.067999839782715,12.010000228881836,AAA
604982947217556224,132.31068573959433,12.02769291108706,1.6966961139357004,-7.644100488512347,4.3353756513252915,11.602598190307617,0.6946077346801758,08491456+1201397,10.718999862670898,10.447999954223633,10.39900016784668,AAA
605031050850704896,133.65425121991802,12.086046592733204,1.4209790530025328,-1.7429481132189826,-13.680172851047967,13.367727279663086,0.8050804138183594,08543703+1205100,12.381999969482422,12.11299991607666,12.093000411987305,AAA
605004078456479360,133.06781874051077,12.187027035714454,3.6459090514026866,-1.7496334718156228,-31.68870808086405,12.60367488861084,1.0617313385009766,08521627+1211138,11.270999908447266,10.776000022888184,10.70300006866455,AAA
605002257390381312,132.86421873217213,12.228784765368987,1.643709786128188,-8.116424374042708,15.013336771184273,11.78808879852295,0.6863489151000977,08512742+1213432,10.925000190734863,10.684000015258789,10.597000122070312,AAA
605048570021679232,133.42373554000588,12.243933928010886,3.3538811286074166,-8.241909030725967,-27.03687758391156,13.843091011047363,1.310978889465332,08534172+1214386,12.25100040435791,11.67199993133545,11.598999977111816,AAA
605004971811415808,133.0727343699015,12.255554556750603,1.5027755568016552,-13.845140191339446,11.780873165268346,12.23164176940918,0.7086381912231445,08521746+1215197,11.324000358581543,11.067999839782715,11.02400016784668,AAA
605049806972258560,133.41844360842424,12.283908349783484,1.4622815848131863,0.99273674089272,-3.6898261459942363,13.747468948364258,1.0191516876220703,08534043+1217021,12.470999717712402,12.088000297546387,12.005999565124512,AAA
605052899348710016,133.34327395624504,12.311242705726531,0.669986921245594,-5.769754192063443,-12.66757803815856,12.256030082702637,1.2687149047851562,08532241+1218406,10.625,10.024999618530273,9.944000244140625,AAA
598639211801401088,132.7686761166671,10.812859965604671,2.068649921457614,11.254617578309448,-34.55329570516323,13.297141075134277,0.8511381149291992,08510446+1048469,12.196999549865723,11.845999717712402,11.793999671936035,AAA
608028216468871424,132.5260786808977,12.54436630211472,2.3915069109626566,-9.597498907848376,0.80717353569329,9.909638404846191,0.41421985626220703,08500627+1232397,9.34000015258789,9.227999687194824,9.20199966430664,AAA
608028319548080896,132.59152138107862,12.547139571562473,1.1076569253956274,10.334041393377413,-5.661705973793151,13.64130687713623,0.6959495544433594,08502195+1232498,12.755000114440918,12.484999656677246,12.442999839782715,AAA
598617187209051392,133.05531571492236,10.875582170748297,2.3010246059627697,-4.750031786072128,-7.938936925441866,11.311360359191895,0.6116781234741211,08521328+1052321,10.520000457763672,10.293000221252441,10.255999565124512,AAA
598655803259768832,132.61538690604246,10.913490708962449,1.3763608630311457,-7.644701096216031,1.3600577939743088,13.617761611938477,0.7390766143798828,08502770+1054486,12.618000030517578,12.387999534606934,12.307999610900879,AAA
605128323269956224,133.19658209193472,12.67653088445108,0.5298541438745014,-1.6951221482100505,-4.813290456686412,13.758909225463867,0.6263217926025391,08524717+1240354,12.987000465393066,12.777999877929688,12.75100040435791,AAA
598669173493218432,132.87362711997878,11.012698235587138,0.9745241675964367,-4.256059255687973,-0.5090094952032413,13.721158027648926,0.7036094665527344,08512967+1100457,12.744999885559082,12.505000114440918,12.451000213623047,AAA
598625296107256320,133.2961441325748,11.016592422728504,0.7774031255275894,-6.114535084486925,5.468773252725588,11.516400337219238,1.4498262405395508,08531108+1100596,9.701000213623047,9.083999633789062,8.947999954223633,AAA
598852517057287936,132.25194474725413,11.10975833956875,1.143110668422728,-10.530438498578913,-8.048780681009228,12.935295104980469,1.1668548583984375,08490048+1106352,11.444000244140625,10.932000160217285,10.845000267028809,AAA
598676629556416512,132.9646339531621,11.121193964400616,1.1652360035949512,-11.051844642298764,-2.9412401009612017,12.186009407043457,1.1453933715820312,08515152+1107163,10.694000244140625,10.26200008392334,10.182000160217285,AAA
598689102141448320,132.9215946592312,11.161628869508299,7.44466758861682,13.72187454503136,-18.15423858164516,9.365867614746094,0.7221240997314453,08514117+1109421,8.607999801635742,8.12399959564209,8.114999771118164,UAA
598694939001774976,132.80129811118806,11.310754193936814,1.1511070382346564,-10.820347833085325,-2.800185192792889,13.909687995910645,0.7747831344604492,08511232+1118387,12.96500015258789,12.656999588012695,12.567999839782715,AAA
598892404418185600,132.31539714788542,11.364346363217841,1.5155366862844026,-5.380876394481007,-3.4267637326747185,13.070013046264648,0.8836278915405273,08491569+1121516,11.968999862670898,11.678999900817871,11.592000007629395,AAA
604714352846582912,133.63895990981555,11.456487385699987,4.436167006378394,-32.71816086402325,2.002707809961211,11.318427085876465,0.7301702499389648,08543339+1127233,10.395000457763672,10.12600040435791,10.100000381469727,AAA
604703941846497280,133.0376870330997,11.467104244354237,1.1452746975719046,-11.109654981755499,-2.8446502073414113,13.140885353088379,0.7324018478393555,08520906+1128016,12.119000434875488,11.895999908447266,11.83899974822998,AAA
598937175156862464,131.9310114930577,11.527374747694214,2.148457995395584,29.13558472556801,-37.37474715042445,12.055200576782227,0.7944459915161133,08474341+1131390,11.027999877929688,10.689000129699707,10.673999786376953,AAA
604893268300548224,132.9496166552421,11.579307006531138,0.17123918870323096,1.4401417688034501,-4.03080769269613,13.572884559631348,1.2676353454589844,08514790+1134454,11.932999610900879,11.345000267028809,11.229000091552734,AAA
604895707842014080,132.74102200450398,11.587439513913939,1.0941891079470014,-10.411301104396365,-2.0449883096669654,13.93285846710205,0.7817707061767578,08505786+1135148,12.920999526977539,12.602999687194824,12.562999725341797,AAA
598905667277186304,132.45823580354235,11.590414578905767,2.2979769746454566,-13.055829646738715,-15.076411032920188,10.399833679199219,0.6549739837646484,08494999+1135258,9.557000160217285,9.37399959564209,9.263999938964844,AAA
604893676321680128,132.98015305512942,11.592638913347807,1.126502588701083,-10.84565753067352,-2.701966533142068,13.891023635864258,0.7666835784912109,08515525+1135334,12.918000221252441,12.696000099182129,12.550999641418457,AAA
598941611858764672,131.85670499106317,11.621379481659343,1.8156189330649093,-24.000558935875617,-9.192295429175838,13.812768936157227,0.9625711441040039,08472563+1137171,12.579000473022461,12.199999809265137,12.104000091552734,AAA
604897906866824448,132.83658070499246,11.661139389314569,1.1068811034069665,-10.978386528054113,-2.705342880277788,13.54383659362793,0.7501888275146484,08512079+1139400,12.595000267028809,12.345000267028809,12.279999732971191,AAA
604908863325982976,132.67703242444696,11.663719399426444,1.1561761278494642,-10.886673968700432,-3.0081097562503696,13.282914161682129,0.742955207824707,08504250+1139493,12.340999603271484,12.142999649047852,12.031999588012695,AAA
604910688687928576,132.75541795747603,11.699663661408358,1.1365886963493819,-11.000922218704938,-2.813512135442598,13.357632637023926,0.7251567840576172,08510131+1141587,12.420000076293945,12.166999816894531,12.074999809265137,AAA
604904156041874560,132.95189365423684,11.706350079233795,1.1591146785838828,-11.596833202437328,-3.145855519847993,13.885436058044434,0.7747468948364258,08514847+1142228,12.878000259399414,12.593000411987305,12.539999961853027,AAA
604910340794779264,132.8253723308156,11.715199750360565,1.1652108145702802,-10.997696905307658,-2.8229083046478696,13.132758140563965,0.7576370239257812,08511810+1142547,12.185999870300293,11.878999710083008,11.843999862670898,AAA
604914468259140224,132.76351880731738,11.763156733182734,1.211770448373849,-11.051536582338837,-2.8519859062637685,12.504822731018066,0.7869224548339844,08510325+1145473,11.491000175476074,11.220000267028809,11.187000274658203,AAA
604917217038188288,132.83980053555695,11.768381809009758,1.1829045294358238,-10.960007717685142,-2.6176088895818546,11.146683692932129,1.2154836654663086,08512156+1146061,9.60200023651123,9.085000038146973,8.946999549865723,AAA
604917831217881728,132.88838980140608,11.814249844635672,1.1512501389072944,-11.559317488353678,-2.4527583022885113,12.558520317077637,0.7661600112915039,08513322+1148513,11.562999725341797,11.298999786376953,11.227999687194824,AAA
604915499051114496,132.6527469052105,11.815353750957756,1.103726297596693,-11.458628782118428,-2.942930879673515,12.900630950927734,0.7777633666992188,08503667+1148553,11.930000305175781,11.628000259399414,11.57800006866455,AAA
604961090128295808,132.59895697705852,11.81599381369512,1.053006705244615,-11.005150691626591,10.642101394995175,13.398662567138672,0.6548976898193359,08502376+1148573,12.53499984741211,12.267999649047852,12.255000114440918,AAA
604914983655019520,132.75879094360027,11.817018317411668,1.279918690167404,-10.812388847217115,-3.077804856168867,13.173608779907227,0.7937145233154297,08510212+1149012,12.107999801635742,11.807000160217285,11.718000411987305,AAA
604918522708195584,132.9837699182939,11.83743920414589,1.1802394172312327,-10.940141682125494,-3.7460475093367744,12.65092945098877,1.1399078369140625,08515611+1150147,11.196999549865723,10.72599983215332,10.633999824523926,AAA
604920889234433792,132.78565081715647,11.848060001397988,1.1601748817212127,-11.034828595446296,-2.835902269510723,13.643402099609375,0.7463712692260742,08510857+1150530,12.70300006866455,12.437999725341797,12.366000175476074,AAA
604921374566321920,132.84058944598144,11.877177636754924,1.1213831680840651,-11.074375348168813,-2.0525664984288654,11.133349418640137,0.8095426559448242,08512175+1152378,10.104999542236328,9.815999984741211,9.760000228881836,AAA
604966076586017024,132.40352607470527,11.889505089429166,0.7822257211680165,2.847090989659938,0.8369499666155131,11.0010986328125,1.297348976135254,08493684+1153221,9.366999626159668,8.821000099182129,8.689000129699707,AAA
598976040316766976,132.11809466202973,11.891315810423507,1.6220136071470397,3.333524731660467,-6.862695603180457,11.789178848266602,0.5565185546875,08482833+1153288,11.083999633789062,10.913000106811523,10.869999885559082,AAA
604923126912959104,132.88354241088408,11.91905446290901,1.1911351747846974,-11.002818180143164,-2.71523604682063,13.5003023147583,0.8038997650146484,08513206+1155085,12.479000091552734,12.170000076293945,12.109999656677246,AAA
604923607949288064,132.9015545710283,11.947444044473949,1.151258927446204,-10.865793369492977,-2.6767871558733454,13.826931953430176,0.7705163955688477,08513638+1156507,12.815999984741211,12.559000015258789,12.475000381469727,AAA
604924290848519168,132.8290048736963,11.969719492414635,1.1621499864326637,-11.079034083308958,-2.982791481959241,12.042779922485352,1.1389226913452148,08511897+1158110,10.586999893188477,10.095000267028809,10.01200008392334,AAA
604971020092675328,132.70285566126088,12.00252748114649,1.1260073740133676,-11.336894810931037,-2.8196203905624966,12.631921768188477,0.7244501113891602,08504869+1200091,11.711000442504883,11.46399974822998,11.42199993133545,AAA
604949377753016448,133.0432278919469,12.046470935867173,14.764077910530922,163.0736863004018,-387.8486975238632,11.6715726852417,1.4746809005737305,08521016+1202542,9.892000198364258,9.255000114440918,9.144000053405762,AAA
604940409861468416,133.4213474618509,12.05365774410273,3.4576243641397335,-2.638328167210879,-38.91185198681892,11.227923393249512,0.7169322967529297,08534114+1203138,10.303000450134277,10.052000045776367,9.99899959564209,AAA
601985227547490048,132.0170820977208,12.070880461466682,3.8234341574273527,-25.92483060415511,-14.999351230318794,13.159088134765625,1.2842178344726562,08480413+1204155,11.454000473022461,10.923999786376953,10.77400016784668,AAA
604987070386114688,132.59406939106276,12.086272823632097,1.1862181835380194,-10.999895880106097,-2.834406587382142,13.757390022277832,0.7606754302978516,08502259+1205107,12.817999839782715,12.534000396728516,12.461000442504883,AAA
604987134809791488,132.5854629608798,12.092972923040284,0.8372732287738355,-7.421386888815649,4.5922434498510665,13.836195945739746,0.6913251876831055,08502052+1205346,12.944999694824219,12.678000450134277,12.62600040435791,AAA
604985249320010496,132.40333558549148,12.110175059285176,0.9914506218107579,-11.989678013531375,-7.9814130305871975,13.623271942138672,0.7443294525146484,08493681+1206367,12.65999984741211,12.444000244140625,12.345000267028809,AAA
604955287627960448,133.346319903829,12.202543651056375,1.1781419271179916,-11.095001516440284,-2.981864823013252,12.86524772644043,0.7454919815063477,08532314+1212091,11.930000305175781,11.649999618530273,11.616000175476074,AAA
607992722859180544,132.22433012235973,12.213747992038803,2.304374955769114,-3.868019365187851,-6.659417878395784,13.732650756835938,0.9885349273681641,08485384+1212496,12.51099967956543,12.116999626159668,12.01200008392334,AAA
602000075250173056,131.92443859278396,12.23346654221231,0.46160187986651835,-3.7116611721254875,-9.630271257369929,13.469939231872559,1.2036199569702148,08474187+1214007,11.906000137329102,11.378999710083008,11.276000022888184,AAA
605006101385053312,133.04381869043252,12.298252915573457,5.499949717927109,-23.73118063756437,-8.903891335195063,9.705127716064453,0.7086820602416992,08521053+1217538,8.798999786376953,8.559000015258789,8.454000473022461,AAA
605018750064853760,132.56215898950333,12.340864815260849,0.6811220542897972,-3.042105811584511,-4.490903170370734,13.928544998168945,1.1000604629516602,08501492+1220272,12.583000183105469,12.133000373840332,12.006999969482422,AAA
605120832847003520,133.1614973685343,12.597141838900884,0.7087487711862646,6.243405511976006,-3.7526962632596894,13.648117065429688,1.1293344497680664,08523874+1235497,12.218999862670898,11.744999885559082,11.675999641418457,AAA
605125054799449728,133.07663398757717,12.65692622205436,1.8407023109457017,8.314127016775789,-4.744375846918333,12.721540451049805,0.7151966094970703,08521837+1239249,11.822999954223633,11.609999656677246,11.569000244140625,AAA
608033881531067648,132.80977615756353,12.667438855865848,0.44841507499435185,1.5872144082843385,0.6601924684672762,13.253079414367676,1.1170244216918945,08511434+1240027,11.812999725341797,11.29699993133545,11.199000358581543,AAA
598665084684327040,133.0493761460232,10.970137033861457,4.533670519862221,-18.555590269902652,2.5513490125913822,10.51602554321289,0.7615728378295898,08521187+1058124,9.5649995803833,9.319999694824219,9.24899959564209,AAA
608049175909265536,132.53420270990213,12.723630529085792,0.7963920664266425,-9.14018373150366,-4.017284807578138,11.61791706085205,1.1444997787475586,08500821+1243252,10.140999794006348,9.625,9.541000366210938,AAA
598849012364011520,132.4579057505083,11.044570565887177,2.9461401204820885,-8.440744424344857,-36.63970394957621,11.09646987915039,0.8242197036743164,08494990+1102412,10.057000160217285,9.741999626159668,9.675000190734863,AAA
598669684594080512,132.95295686632255,11.055992021806164,9.229222284391714,-133.9726846223719,-45.71287670345855,10.307779312133789,0.9494266510009766,08514887+1103223,9.10099983215332,8.769000053405762,8.701000213623047,AAA
598852826296025728,132.23428609456263,11.142389843437583,1.9036922332157364,1.1058375062017687,-1.7075462008543125,12.402361869812012,0.7149181365966797,08485622+1108327,11.279000282287598,10.986000061035156,10.954999923706055,AAA
598689102142789760,132.92201656375192,11.162621295330258,7.520311289219792,11.106593500697244,-19.342592895508673,12.709333419799805,1.3706951141357422,08514126+1109456,9.138999938964844,8.477999687194824,10.210000038146973,UAA
598678003945922944,133.07277679493671,11.181215924055037,3.1637314252265254,-10.46472008606719,-6.769242955161021,13.005663871765137,1.0072393417358398,08521748+1110524,11.746999740600586,11.340999603271484,11.309000015258789,AAA
598873918878952704,132.6130748770782,11.18245841946412,1.5755242634312987,3.4233064584582293,-11.82541723957781,12.85478687286377,1.1660757064819336,08502713+1110571,11.42199993133545,10.932999610900879,10.807999610900879,AAA
604633470023113600,133.451651466569,11.21251478845694,0.9881823659680821,-2.4232478086770612,-5.026277823391383,13.667922019958496,0.7979803085327148,08534839+1112451,12.645000457763672,12.343999862670898,12.300999641418457,AAA
598870074883601280,132.08945472149102,11.262528416885614,0.8733687187764146,-7.343862511789321,3.0798173737246377,13.762542724609375,0.6852178573608398,08482147+1115449,12.88599967956543,12.654999732971191,12.586000442504883,AAA
598879111494760704,132.4162799377851,11.270945304753411,2.6620251632218914,-7.186829582869458,-10.85220260625646,12.587990760803223,0.8779220581054688,08493991+1116156,11.487000465393066,11.204999923706055,11.119000434875488,AAA
598877084270172672,132.64180482135228,11.288079961755438,1.3484387258032864,-3.2667762604761617,-9.806664262937382,12.9990816116333,0.7040920257568359,08503403+1117173,12.097000122070312,11.822999954223633,11.781999588012695,AAA
598882169510991872,132.74806266262866,11.29191513124776,2.3442993516970443,-0.06228237616163823,-4.995104194622666,11.5057954788208,0.7108554840087891,08505954+1117310,10.59000015258789,10.357999801635742,10.295999526977539,AAA
598692538115255936,132.98717990840333,11.298575058839717,2.000599135219598,13.500949099291404,-6.028828753070186,10.68812084197998,0.3367300033569336,08515690+1117549,10.255000114440918,10.189000129699707,10.13700008392334,AAA
598870757783016448,132.0930165991547,11.304772462250465,1.212785705849012,-2.90638974472958,-2.386164970446111,11.685757637023926,1.0947370529174805,08482232+1118172,10.298999786376953,9.86400032043457,9.732999801635742,AAA
598884952650222336,132.84974869133723,11.41369687300574,1.1383217473343883,-10.931947756545823,-2.7417537125799676,13.148294448852539,0.730224609375,08512395+1124494,12.220000267028809,11.9350004196167,11.895000457763672,AAA
598886017802111104,132.83571089528093,11.462369707446507,0.3012573450247268,-0.768868821759094,-1.2374660893704876,12.906684875488281,1.0544624328613281,08512057+1127446,11.517000198364258,11.088000297546387,10.984000205993652,AAA
598944841674153088,132.17489838559055,11.485595736997723,1.8137226568898257,-6.691552191385319,6.240799056896499,12.607081413269043,0.6696348190307617,08484198+1129080,11.734999656677246,11.489999771118164,11.472000122070312,AAA
604716006409635456,133.686049092436,11.501442758406302,2.494463793808459,-4.10710640474102,-4.347711118498474,10.273757934570312,0.5158414840698242,08544465+1130053,9.621000289916992,9.456999778747559,9.425999641418457,AAA
598944635515718272,132.22688594970916,11.518199008485894,1.9137967268535083,0.49495853363423636,-27.828675610993116,13.839613914489746,1.1438274383544922,08485445+1131061,12.418999671936035,11.923999786376953,11.847999572753906,AAA
604894707113832704,132.85802503339934,11.550009171192468,1.1060934570050205,-11.036598204696418,-2.8588765356270285,12.560713768005371,0.7372503280639648,08512593+1133001,11.635000228881836,11.402999877929688,11.300000190734863,AAA
604908455306509056,132.6874425113845,11.625085866247588,3.8908407648375056,-1.7887588582451477,-0.37934966894877686,11.888346672058105,0.9676961898803711,08504499+1137302,10.661999702453613,10.302000045776367,10.199000358581543,AAA
598951438743912192,132.18468693471257,11.6428383572492,1.1462695606402389,-11.05288853261032,-2.9392763514819835,13.178524017333984,0.7356271743774414,08484433+1138342,12.234999656677246,11.97700023651123,11.92300033569336,AAA
604908386585458944,132.7651435231104,11.67526999886678,0.8393156300043457,-11.152474907282093,-3.129472183252788,13.252104759216309,0.7406625747680664,08510365+1140309,12.286999702453613,12.020999908447266,11.96399974822998,AAA
598955115237068032,132.48669417880745,11.692484141091276,1.1905377048633794,-10.755941557829187,-2.8114282804019197,9.409208297729492,1.45880126953125,08495682+1141329,7.541999816894531,6.914999961853027,6.692999839782715,AAF
604910688686988288,132.74342875908457,11.703428497360761,1.5964376171049381,-11.694295442342192,6.777841348884415,13.588179588317871,0.8143138885498047,08505842+1142120,12.104000091552734,11.782999992370605,11.696000099182129,AAA
604901652076632960,133.17343198446986,11.724561164918251,0.8230729918408493,-22.704535522565962,-4.783675570830586,13.995899200439453,1.0665149688720703,08524165+1143286,12.649999618530273,12.154999732971191,12.097999572753906,AAA
604917487620349184,132.8222290853847,11.783505206210943,1.1946952151594008,-10.972369498134931,-2.841932055391597,12.937614440917969,0.7287759780883789,08511734+1147005,12.017000198364258,11.74899959564209,11.722999572753906,AAA
604917831219174528,132.877319542249,11.81521125343731,1.1807642804908864,-10.756814668636482,-3.1208656247791717,13.156976699829102,0.7890100479125977,08513056+1148546,10.878000259399414,10.373000144958496,11.630999565124512,UUE
598969718124729216,131.99809898547605,11.831692535530921,0.6750444826467084,-0.6240206863273832,-2.7973485468031427,13.931715965270996,0.8029422760009766,08475954+1149542,12.907999992370605,12.527999877929688,12.52299976348877,AAA
604920927889929216,132.80277383094378,11.842939491288519,1.20271063953514,-10.965316517085267,-2.8011657932827903,13.48686408996582,0.7494125366210938,08511268+1150345,12.53600025177002,12.276000022888184,12.194000244140625,AAA
604920923594172928,132.80665032201827,11.843909917167544,1.0850906354783443,-11.073994303246012,-2.842373324440321,12.152578353881836,0.8487071990966797,08511360+1150380,10.972000122070312,10.670000076293945,10.598999977111816,AAA
604920923594172672,132.81010485552775,11.84452229275972,1.1303945339284969,-11.249217358287863,-2.9227985404054975,13.237622261047363,0.7497625350952148,08511444+1150402,12.281000137329102,12.031000137329102,11.947999954223633,AAA
604921129752600832,132.82816875996772,11.855184554157473,1.158826963687591,-11.026172056298075,-2.6274121054894417,12.798284530639648,1.0301141738891602,08511877+1151186,11.501999855041504,11.08899974822998,11.020000457763672,AAA
604969168962427904,132.69307431468172,11.90861761695279,1.1389694984527998,-10.934367109692776,-2.802300642106947,13.475733757019043,0.8123636245727539,08504634+1154310,12.432000160217285,12.13700008392334,12.081999778747559,AAA
604967858996571392,132.4922235317308,11.931379934495956,2.3275681180347476,-6.687188622289416,-14.37513223362221,12.313837051391602,0.6946439743041992,08495814+1155532,11.428000450134277,11.208000183105469,11.144000053405762,AAA
604969787437705216,132.72659575297266,11.941396877125381,1.1235082277517145,-10.764558027950004,-3.09607298941626,12.633915901184082,0.7261848449707031,08505439+1156290,11.706000328063965,11.4350004196167,11.371999740600586,AAA
604967996435524224,132.50005511409978,11.946678679681412,1.1416691827051262,-10.678097100959368,-2.9511988715135544,13.381304740905762,0.7361841201782227,08500003+1156481,12.463000297546387,12.189000129699707,12.154999732971191,AAA
598978342419035904,132.20420894486324,11.975944504891032,0.8685167952988271,-5.290516406532758,-7.432872371896061,13.599146842956543,1.1084117889404297,08484901+1158336,12.201000213623047,11.765999794006348,11.675999641418457,AAA
605030840396683904,133.56844627321948,12.06776844639127,1.1926508451416722,-20.198870837867915,9.225169760182057,13.408761978149414,0.9219932556152344,08541646+1204037,12.26099967956543,11.944999694824219,11.901000022888184,AAA
604949034155646592,132.96554980137256,12.079669720990868,1.155380039750886,-10.777908587945385,-3.0203089140943353,13.3106107711792,0.7494754791259766,08515174+1204467,12.37399959564209,12.142999649047852,12.071000099182129,AAA
601986979894141440,132.0180553211671,12.167977659434886,0.5226274895777988,-2.702174129009191,-6.9231993110584344,12.019896507263184,1.027853012084961,08480433+1210049,10.682999610900879,10.232999801635742,10.164999961853027,AAA
605004387694123136,133.05859253999216,12.212282681852493,1.116752239617244,-11.057231636050972,-3.218322341133619,13.580754280090332,0.7415847778320312,08521407+1212442,12.63599967956543,12.385000228881836,12.300999641418457,AAA
605040358044209920,133.72205955666288,12.224548501200182,1.0603150376813213,-2.3792201405019617,0.9200355048064697,13.82208251953125,0.7755041122436523,08545330+1213284,12.880000114440918,12.598999977111816,12.564000129699707,AAA
605054484192277504,133.31220002074534,12.375966321591486,1.909407333580325,-14.567100012818027,-12.219592806920986,12.387455940246582,0.6863374710083008,08531494+1222336,11.520999908447266,11.276000022888184,11.220000267028809,AAA
608003335722745856,132.32827683174355,12.445483972935882,0.8491890946180262,1.521714895004405,-11.147772319564716,12.36723804473877,1.1625099182128906,08491878+1226439,10.86299991607666,10.359000205993652,10.239999771118164,AAA
605026549725389952,132.794968280989,12.462430763815311,0.7629241900193677,5.155361103390381,-5.105084241775069,13.33504867553711,0.7147331237792969,08511078+1227448,12.434000015258789,12.185999870300293,12.128999710083008,AAA
605024350702099456,132.97490196812947,12.462882315407906,1.6532315450139174,3.667308788904758,-18.696993783085468,13.967761039733887,0.8734941482543945,08515397+1227466,12.861000061035156,12.562000274658203,12.479999542236328,AAA
608019317296666624,132.1599897832383,12.531222002821584,0.7831292737429029,2.0766837205224196,-4.249531204913462,13.853209495544434,0.6130266189575195,08483839+1231526,13.050999641418457,12.677000045776367,12.793999671936035,AUA
598655532677136256,132.63261182744364,10.905268774029425,0.2481393249469701,5.417074831672291,-9.262776955094123,12.28717041015625,1.250823974609375,08503181+1054192,10.680999755859375,10.104000091552734,9.99899959564209,AAA
605123993942814976,132.9174291317755,12.619173733386221,1.1744286060127522,-10.868463266753356,-3.0509172484586795,13.885924339294434,0.8831796646118164,08514020+1237090,12.753999710083008,12.437000274658203,12.329999923706055,AAA
598617943123292416,133.0416850637062,10.928890718438762,1.2705602038194705,-1.0162394084106205,-16.040680108708358,13.667250633239746,0.8093194961547852,08521000+1055442,12.59000015258789,12.342000007629395,12.25100040435791,AAA
598667008829721856,132.8042075070918,10.942838205234558,1.5401349984712578,7.925077372630764,-3.844044938399584,13.447855949401855,0.7848625183105469,08511300+1056343,12.423999786376953,12.154999732971191,12.081999778747559,AAA
608036943842391680,132.72416596098057,12.683613996559181,1.0337300856098601,10.881765477982025,-12.31775351626265,13.483980178833008,0.9156160354614258,08505378+1241012,12.333000183105469,11.961999893188477,11.880000114440918,AAA
598671647394332544,133.12456278884562,11.04007049179996,2.1531537297056107,12.428682011180637,-5.967551322885571,12.37429428100586,0.6820697784423828,08522988+1102243,11.48900032043457,11.246999740600586,11.190999984741211,AAA
598672472028073088,133.01422406177733,11.047126329696109,0.6740038190168248,-7.183677509281486,-2.512521668894438,11.073246955871582,1.1588363647460938,08520342+1102496,9.531000137329102,9.079000473022461,8.998000144958496,AAA
604631069136455808,133.35099761207866,11.098807338572032,1.218127892795721,-1.9424854129885714,1.2327036313437802,13.953985214233398,0.9104747772216797,08532424+1105556,12.802000045776367,12.439000129699707,12.394000053405762,AAA
598674018216264064,133.17985692055433,11.123217936910441,7.069212868914504,-41.405914695744045,-12.257162587433644,9.967240333557129,0.7639274597167969,08524321+1107237,9.008999824523926,8.767999649047852,8.638999938964844,AAA
604631825050707456,133.2824743355283,11.128226263672232,3.1904490601937208,-7.836012911990255,-3.2938356218654388,13.82594108581543,1.1778926849365234,08530780+1107416,12.366000175476074,11.848999977111816,11.782999992370605,AAA
598853857087072000,132.37083589046236,11.16876223797435,1.9717333210581576,2.599952892218055,-0.328539763153461,12.481151580810547,0.7622995376586914,08492899+1110075,11.503000259399414,11.253999710083008,11.13700008392334,AAA
604679928684426752,133.2099881722982,11.185213186632671,1.3902183065340128,-1.3969041593226885,2.163577571924079,12.657258987426758,1.1257457733154297,08525040+1111066,11.20300006866455,10.770999908447266,10.602999687194824,AAA
598867841500591616,132.25137650616892,11.26005748237043,1.8876973711995837,-15.85997096596005,-5.2563155497156355,13.037206649780273,0.8008852005004883,08490035+1115364,11.994000434875488,11.713000297546387,11.630999565124512,AAA
604685391882809728,133.27320108658589,11.301774034409839,1.0682651395653544,-10.575174977118806,1.9883601017726693,13.094579696655273,0.9689769744873047,08530558+1118063,11.852999687194824,11.484000205993652,11.409000396728516,AAA
598895810327610624,132.30805700588095,11.38919840881702,0.7347735005548701,-8.855627754499624,-0.9228054900073762,13.295538902282715,0.5707368850708008,08491393+1123210,12.557000160217285,12.357999801635742,12.32699966430664,AAA
604702911059189504,133.06353962032674,11.450283823236802,2.086039485504425,7.050247916764671,-12.79504024805843,12.319290161132812,0.8336181640625,08521524+1127012,11.229999542236328,10.916000366210938,10.847999572753906,AAA
598900788194342528,132.49664458015798,11.478195951185253,1.0659845025103598,-10.825067234429687,-2.309403206472517,13.056440353393555,0.7416343688964844,08495920+1128416,12.105999946594238,11.869000434875488,11.789999961853027,AAA
598945558933024000,132.15010626747406,11.52967311580542,1.499053377333108,-0.8127226537820688,-3.842982796937688,13.10589599609375,0.7064571380615234,08483602+1131469,12.196000099182129,11.911999702453613,11.899999618530273,AAA
604718750893090304,133.55552692512632,11.537001163054759,1.425988790437785,-1.3491270466421232,-0.025472042352879674,13.519248008728027,0.7452678680419922,08541333+1132132,12.548999786376953,12.28499984741211,12.270000457763672,AAA
598902682275232640,132.64075227191051,11.572577923148446,1.1608150866882294,-10.837366610471058,-2.511586722139051,13.559338569641113,0.7465114593505859,08503379+1134213,12.602999687194824,12.340999603271484,12.274999618530273,AAA
604909657895767680,132.82930655944386,11.671026649492779,1.1725303389480801,-11.074904357919229,-2.9729611098950617,13.576004981994629,0.7395658493041992,08511904+1140156,12.637999534606934,12.37600040435791,12.336999893188477,AAA
604903026466218368,132.97858684950646,11.673811977562528,2.9843892353773427,-26.28963307582582,-43.82794338451151,11.311920166015625,0.734288215637207,08515489+1140264,10.347000122070312,10.10200023651123,10.031000137329102,AAA
598955802430663680,132.4286582814481,11.719098809658549,1.1505987118170358,-10.332780070388875,-2.938868812406864,12.5565824508667,0.7391519546508789,08494289+1143088,11.62600040435791,11.362000465393066,11.265000343322754,AAA
604904503934969856,132.93140647428353,11.740680776325666,1.2178935993126014,-10.546811036675482,-1.657412903986267,10.46475887298584,1.2657413482666016,08514355+1144264,8.838000297546387,8.293999671936035,8.163000106811523,AAA
598959100965548416,132.38579114165785,11.748407986752591,2.2385642813967634,-19.884050375938536,-43.84826498087146,11.318047523498535,1.0247583389282227,08493261+1144551,9.984999656677246,9.54699993133545,9.442999839782715,AAA
604911341522932352,132.8366395258635,11.750680669965403,1.1754835943173385,-10.595106440754252,-3.710534601091105,12.9467134475708,0.7745380401611328,08512080+1145024,11.928000450134277,11.678999900817871,11.602999687194824,AAA
604904533998990592,132.9322467692491,11.754114740587678,1.1480116098473825,-11.144033678858182,-2.9973951704404325,12.958710670471191,0.7166929244995117,08514375+1145148,12.027000427246094,11.805000305175781,11.729000091552734,AAA
604916701642080000,132.94334899041655,11.774074062147497,1.1398841940372748,-11.023113991793487,-3.208236843097688,13.249134063720703,0.735386848449707,08514641+1146267,12.321000099182129,12.041000366210938,11.987000465393066,AAA
604916976519989248,132.92284520452912,11.793367350545322,1.1718476550398178,-11.217333153306079,-3.2863116879810303,13.944252967834473,0.8046102523803711,08514149+1147361,12.911999702453613,12.60099983215332,12.531000137329102,AAA
604917629355042176,132.84496547830224,11.800481666248837,1.1576240674580507,-10.965692689097807,-2.8467022804416047,10.16991901397705,1.236659049987793,08512280+1148016,8.5600004196167,8.074999809265137,7.941999912261963,AAA
604915567770582912,132.71544678175795,11.802970187494125,1.2110309771554728,-15.612589083599309,9.736946086278108,13.059261322021484,0.7162466049194336,08505171+1148102,11.611000061035156,11.342000007629395,11.288000106811523,AAA
604915567769578112,132.7153151775061,11.802813873037149,1.1731001279752378,-16.113264099319075,9.627065674269156,13.530449867248535,,08505171+1148102,11.611000061035156,11.342000007629395,11.288000106811523,AAA
604914708777297280,132.7884736054834,11.805723194140635,1.1881258533755474,-10.072247361078256,-3.0192506194017987,13.22974967956543,0.7428092956542969,08510925+1148206,12.291999816894531,12.008999824523926,11.958000183105469,AAA
604917663716360576,132.86174322974873,11.811254406122044,,,,10.818191528320312,0.7524957656860352,08512683+1148404,9.39799976348877,9.09000015258789,9.053999900817871,AAA
604917728138508160,132.84901041231075,11.830359410314017,1.1074495819292327,-11.17116442877576,-2.81951394213323,11.241151809692383,1.0594491958618164,08512377+1149493,9.897000312805176,9.482000350952148,9.366999626159668,AAA
604907115275046656,133.03085815325235,11.839476227075242,1.1406007062193397,-11.139468532176442,-2.9444612266845818,13.080601692199707,0.7654743194580078,08520741+1150221,12.097000122070312,11.822999954223633,11.805999755859375,AAA
604942505805553920,133.06847490848938,11.877799091862542,1.1976828674416866,5.081123834311467,-15.025570243232874,13.515174865722656,0.6964845657348633,08521641+1152402,12.592000007629395,12.29699993133545,12.27299976348877,AAA
604920240695111424,132.95558297375214,11.89417916328316,3.4395394445433713,-13.29874935237876,4.4841890974061025,7.5438551902771,1.2504801750183105,08514935+1153388,5.888999938964844,5.408999919891357,5.23199987411499,AAA
604923470510324224,132.9534438346125,11.947554554442505,1.2449842824121797,-11.021188736717914,-3.0826603419657657,12.654641151428223,1.1066474914550781,08514883+1156511,11.255999565124512,10.779000282287598,10.704999923706055,AAA
601980799436997376,132.08052119324051,11.989686348860056,1.555584471277486,-27.919384858006733,-5.7395811928742475,13.833829879760742,0.8269338607788086,08481936+1159229,12.791000366210938,12.4350004196167,12.407999992370605,AAA
604945220224861184,133.15321815594055,12.019148865502414,3.8700537444658734,0.872296028190336,-21.540871968289903,13.374281883239746,1.2319421768188477,08523676+1201094,11.859999656677246,11.347999572753906,11.239999771118164,AAA
604842102353837952,133.73911224513682,12.025354393567117,0.6387705744612394,-6.5285108354125825,3.325722257698184,12.753518104553223,1.1965293884277344,08545739+1201313,11.244000434875488,10.694999694824219,10.614999771118164,AAA
604974219843958400,132.65050428422904,12.040415750039719,0.7317457249246287,-6.39845371217679,4.836722506779422,13.673563957214355,1.1384391784667969,08503613+1202254,12.244000434875488,11.782999992370605,11.694000244140625,AAA
604981607187745792,132.4381456715036,12.04085004079514,1.1297047483040137,-10.999470978948013,-2.593279515080421,13.389087677001953,0.7181167602539062,08494517+1202271,12.444000244140625,12.180000305175781,12.156000137329102,AAA
604975731672412160,132.74619731915536,12.07180821589835,0.7449114714772354,-3.4185716045298853,-2.1249824102431374,13.720022201538086,0.6813106536865234,08505909+1204185,12.848999977111816,12.593000411987305,12.567000389099121,AAA
604950477264649600,132.99967871099096,12.083027369596387,1.1974625837613577,-11.143961875113302,-2.8857116895900465,12.646977424621582,0.7567386627197266,08515993+1204589,11.663000106811523,11.413000106811523,11.385000228881836,AAA
604987306608483584,132.55675137691927,12.085964946554562,2.34090093667907,-1.1690114790534305,-9.242008141807222,12.181097030639648,0.7056503295898438,08501362+1205096,11.293000221252441,11.086000442504883,11.005999565124512,AAA
604997202213330560,132.86371938949912,12.127791998043406,5.622660195526254,-19.8631380140913,-30.240926962961176,8.157011032104492,0.4977283477783203,08512734+1207406,7.284999847412109,7.133999824523926,7.085999965667725,AAA
601986949830116224,131.99582712205813,12.156488853924309,0.61930114995664,-4.828586833119498,-0.03708957256394562,11.704588890075684,1.2224349975585938,08475900+1209234,10.166999816894531,9.61299991607666,9.527000427246094,AAA
604989372488540416,132.69592754536365,12.170191041429607,1.1399150776506994,-11.113513422037363,-2.892677017445739,12.497732162475586,0.8481988906860352,08504704+1210128,11.425000190734863,11.10099983215332,11.059000015258789,AAA
604992288770544640,132.39630912291693,12.177667882722158,0.7526351674592907,-9.987721757138093,2.1007027479107983,12.364269256591797,1.1124458312988281,08493512+1210395,10.937999725341797,10.458000183105469,10.35099983215332,AAA
604998404803662080,133.00561220254997,12.186138688368146,1.1354807688578596,-10.624189625153516,-2.843592649384046,13.519312858581543,0.7500514984130859,08520136+1211101,12.576000213623047,12.326000213623047,12.223999977111816,AAA
605003185103316352,132.8547171380894,12.247118229980835,2.8818966882962003,-20.81642477436693,-4.695668140913236,13.343500137329102,1.2312545776367188,08512515+1214495,11.746999740600586,11.229000091552734,11.10200023651123,AAA
605013767903055616,132.72636286003353,12.259465576886152,1.0998206019645695,-11.102968836447975,-2.9170201823884536,13.485823631286621,0.7329273223876953,08505433+1215341,12.565999984741211,12.286999702453613,12.236000061035156,AAA
605006105681033344,133.0464197585034,12.295237883579933,5.5362754342859235,-20.782884647239012,-7.963859681447251,11.546222686767578,0.9528636932373047,08521116+1217429,10.342000007629395,10.010000228881836,9.920999526977539,AAA
608000419440566528,132.2704976406515,12.326177812110501,0.7939914755788119,-10.530084722433031,3.177636733845498,13.518730163574219,0.659968376159668,08490492+1219342,12.654999732971191,12.413999557495117,12.373000144958496,AAA
608013579220366336,132.16473061268618,12.399182743120988,1.1968188235127357,-11.332013233855346,-2.0513052595423056,12.628833770751953,0.6999759674072266,08483954+1223572,11.711000442504883,11.491000175476074,11.46500015258789,AAA
605019982720567808,132.7091428552134,12.400447767813503,1.947117979674997,-12.665715401684917,-17.975914136220574,12.101649284362793,0.6839532852172852,08505020+1224019,11.262999534606934,11.015999794006348,10.991000175476074,AAA
608040684758376704,132.34364528512313,12.598792842644187,0.6031086727009731,-1.9097645791989049,0.2913668298677597,12.860281944274902,0.6516189575195312,08492247+1235555,12.038000106811523,11.795000076293945,11.746999740600586,AAA
608035152841386240,132.65821514184228,12.62497933359121,1.1323044377193092,-10.821207656718457,-2.9500657611466092,13.231938362121582,0.718440055847168,08503798+1237299,12.298999786376953,12.059000015258789,11.996999740600586,AAA
608037901620454400,132.64920607082243,12.708728137215827,1.4722646665853436,-22.635536823532327,-12.71369753323687,13.430124282836914,0.7732448577880859,08503583+1242316,12.418000221252441,12.12600040435791,12.07699966430664,AAA
598666184195961344,132.9948120804521,11.002553888459182,0.8582643281358753,-4.114894734606333,-2.6281973235480813,13.433473587036133,0.6570329666137695,08515877+1100090,12.508999824523926,12.32800006866455,12.225000381469727,AAA
608052092191505664,132.48541304805366,12.743329700628808,0.7578103678601537,-3.431000963819733,-0.6939819201426749,13.795973777770996,0.5821943283081055,08495650+1244360,13.07699966430664,12.897000312805176,12.805999755859375,AAA
598847569256078464,132.41064947639805,11.033372831460598,-0.16481842755765533,-3.9686817849618308,1.020520499782786,13.549348831176758,1.0036773681640625,08493856+1102000,12.178000450134277,11.72700023651123,11.642999649047852,AAA
598845679469358464,132.22876690255788,11.070379053753907,3.0525171171521217,-14.323016545664874,-3.3865719650385264,13.369392395019531,1.0060367584228516,08485492+1104134,12.088000297546387,11.66100025177002,11.623000144958496,AAA
598682986108054912,132.75546030837336,11.08452586172486,0.7821605693463909,-10.270712225937448,2.0578840749719634,13.949177742004395,0.8089714050292969,08510132+1105043,12.859999656677246,12.57800006866455,12.515999794006348,AAA
604636321881362432,133.6053204714753,11.207668811836648,4.230070539014725,0.3112149261398339,-7.108986731610926,12.85193920135498,1.0717430114746094,08542527+1112277,11.505000114440918,11.059000015258789,10.967000007629395,AAA
604636562399566848,133.57369129738086,11.208332101627532,2.0210364716274616,-11.247250241093461,-7.4985918326598435,12.921673774719238,0.8159761428833008,08541769+1112300,11.885000228881836,11.557999610900879,11.468999862670898,AAA
598877840184438016,132.47490548649498,11.228698232329947,1.841619881061684,-11.387078750831426,-13.292556210073851,11.320120811462402,0.6960763931274414,08495399+1113436,10.430999755859375,10.211999893188477,10.142000198364258,AAA
604684326730942592,133.12692088532611,11.258976562554766,1.1630593472821595,-11.178438706245466,-2.7221340729824037,7.948059558868408,2.159668445587158,08523047+1115323,5.392000198364258,4.686999797821045,4.363999843597412,EEE
604683776975118976,133.20422893161194,11.265420690948181,0.7268836501900886,-5.845563539483526,-2.9575494016969057,12.234204292297363,0.4473876953125,08524902+1115555,11.59000015258789,11.277000427246094,11.22599983215332,AAA
598877530946179200,132.61132248068873,11.32296550745023,5.7747571462210505,-1.0378618395640533,-9.762686644261242,10.997499465942383,0.8216876983642578,08502672+1119228,9.958999633789062,9.684000015258789,9.604000091552734,AAA
598880515948711424,132.62146172645674,11.340784869864208,0.6059925745066843,-3.8081342468514787,-1.6225730402521157,13.715787887573242,0.5809803009033203,08502915+1120268,12.973999977111816,12.78499984741211,12.758999824523926,AAA
598886739356653696,132.59058837259605,11.375826451597105,,,,12.253284454345703,1.0955734252929688,08502170+1122334,10.595000267028809,10.128999710083008,10.039999961853027,AAA
598921030375475072,132.09693503976962,11.430441988156106,1.5244547728993774,10.697847469732064,2.153602185438789,13.80061149597168,0.7976627349853516,08482325+1125495,12.10200023651123,12.41100025177002,12.331999778747559,UAA
604713876105870848,133.58279159968316,11.43271737501495,1.435005490941381,-11.795860565965732,-4.125701995844736,13.370336532592773,0.7581663131713867,08541988+1125578,12.404999732971191,12.163000106811523,12.039999961853027,AAA
604706385682950144,133.1810050984363,11.482937470546966,3.363416056347062,-6.062438401581934,4.194946254146945,12.409034729003906,0.9393892288208008,08524345+1128585,11.204000473022461,10.847000122070312,10.762999534606934,AAA
598890381488889088,132.73001873364126,11.520703928297701,1.1778103885999522,-10.910806694201739,-3.019197373989734,13.999897003173828,0.78497314453125,08505522+1131145,13.008999824523926,12.75,12.642999649047852,AAA
604899453053404160,133.0872200776265,11.651771441512647,1.3487223903328767,-10.860004675999129,-3.427404530973198,13.049710273742676,0.7578496932983398,08522093+1139063,12.0649995803833,11.774999618530273,11.706999778747559,AAA
604909172563627392,132.72258631903387,11.678703532423537,0.928988272645371,3.8787338570052055,-9.814293612790163,13.551198959350586,0.8029279708862305,08505341+1140434,12.531000137329102,12.215999603271484,12.163999557495117,AAA
604727203388724480,133.6882594081435,11.684645547843292,2.6385748292475593,-12.358020512947629,-27.60524844388539,13.713948249816895,1.0333633422851562,08544519+1141052,12.40999984741211,11.954000473022461,11.883999824523926,AAA
604734148351495808,133.5498784859637,11.688761967204568,1.536076537013739,0.2763202588679675,0.28909663245554096,12.698385238647461,0.6398582458496094,08541197+1141195,11.869000434875488,11.673999786376953,11.62600040435791,AAA
604727757440140416,133.74193904548187,11.717629341831364,0.37562295271148327,-3.122158915988896,2.9628240007569566,13.514575004577637,1.163264274597168,08545806+1143034,12.029000282287598,11.473999977111816,11.380000114440918,AAA
604903713660959488,133.04471397852356,11.734950880736651,1.1820988824831917,-11.154922958824535,-2.781450371016883,10.640091896057129,0.14017009735107422,08521074+1144058,10.411999702453613,10.427000045776367,10.406000137329102,AAA
604916731706106752,132.92778912251106,11.77678565518419,2.045048344636363,-7.646731538787,-10.698404112401768,12.25343132019043,0.7687158584594727,08514268+1146365,11.23799991607666,10.939000129699707,10.880000114440918,AAA
604917423196609280,132.8556647740653,11.792844689726236,1.0055823609241108,-12.802670548744741,-1.868956643957089,12.390759468078613,0.7672700881958008,08512536+1147342,11.406000137329102,11.154000282287598,11.069999694824219,AAA
604917526275831040,132.82987263744636,11.798511415909555,1.1693028487856258,-10.989821757563597,-3.1602018993989436,13.535529136657715,0.7636623382568359,08511918+1147546,12.565999984741211,12.246999740600586,12.182000160217285,AAA
604914708777298816,132.7825277025771,11.802599430947929,1.764913306958535,-4.8154519114769965,1.9897923212281743,11.448334693908691,0.5693120956420898,08510781+1148093,10.696999549865723,10.508999824523926,10.454999923706055,AAA
604962365734255744,132.61239985454657,11.808684045409903,1.1380132062573187,-11.057096004231463,-3.109537878387173,13.1847562789917,0.7799177169799805,08502698+1148313,12.177000045776367,11.902999877929688,11.829000473022461,AAA
604917831217725312,132.877350503302,11.820329049332091,1.1734913720701554,-10.871098243487332,-3.0603213038585775,12.542159080505371,0.7674350738525391,08513057+1149131,11.54699993133545,11.291999816894531,11.225000381469727,AAA
604920683076006272,132.8291867238187,11.834918935672093,1.1486175014484674,-10.924748749944577,-2.975846557795479,12.390369415283203,0.7697544097900391,08511901+1150057,11.428000450134277,11.154999732971191,11.105999946594238,AAA
604918179110923520,132.88569047044473,11.844607163145648,1.1771611230855015,-10.660310192416159,-3.0426989661730897,12.182929039001465,0.33847522735595703,08513257+1150406,11.729999542236328,11.656999588012695,11.616999626159668,AAA
604921512005266048,132.85904725233848,11.897760851989633,1.1845211386424317,-11.021045358810452,-2.663536525384217,10.205753326416016,1.227421760559082,08512618+1153520,8.619000434875488,8.11299991607666,7.960000038146973,AAA
604969203322162816,132.70729070042316,11.906764677711687,1.172104512108807,-11.532665600560883,-2.411724681326721,13.862936019897461,0.7744693756103516,08504976+1154244,12.88700008392334,12.555000305175781,12.503000259399414,AAA
604967244817098240,132.57608510110327,11.922538671175415,1.294647982490923,-12.291588994772884,-4.0943091551081645,9.665226936340332,1.2372550964355469,08501827+1155212,8.086999893188477,7.531000137329102,7.422999858856201,AAA
604923367432823808,132.93281414390037,11.945133727472605,1.1780903783504708,-11.084110996404632,-2.9578852877654853,10.23469066619873,1.2470693588256836,08514388+1156425,8.618000030517578,8.11400032043457,7.995999813079834,AAA
604946972571361152,132.9643616896929,11.963813202369447,1.3315402711234396,-10.913944307313843,-3.0371720134732767,12.647074699401855,0.7408905029296875,08515145+1157497,11.70199966430664,11.444999694824219,11.354999542236328,AAA
604972226979105664,132.76210193196212,12.006009890745084,2.421483824773696,-11.999535181817567,7.356010750477193,13.996564865112305,1.1144495010375977,08510291+1200214,12.640000343322754,12.187999725341797,12.029999732971191,AAA
601998215528589312,131.9324245681864,12.133153328943731,0.7627355245356502,-6.1239604447032665,-1.3668432132267985,12.931565284729004,0.5661249160766602,08474378+1207594,12.180999755859375,12.01099967956543,11.954999923706055,AAA
608005603465364480,132.00285864827455,12.301773202828457,2.4698644207416565,-7.050473598540915,-8.457192073649384,12.554532051086426,0.7986621856689453,08480069+1218065,11.557000160217285,11.28499984741211,11.22599983215332,AAA
605018814489463680,132.5878740981118,12.353226591601274,1.1682389040239518,-8.51691516958993,-4.590429010119086,10.199387550354004,1.324488639831543,08502111+1221117,8.520000457763672,7.978000164031982,7.818999767303467,AAA
605058465626467584,133.54692288620774,12.432994878953831,8.450379138422658,-57.1851717405861,-9.128843658905105,11.947671890258789,1.310542106628418,08541133+1225589,10.329999923706055,9.770999908447266,9.677000045776367,AAA
605118595168646656,133.0978117342433,12.515384572897739,1.0643158546533353,7.766839073144489,-15.019413104544387,11.915534973144531,1.1585378646850586,08522345+1230556,10.437000274658203,9.880000114440918,9.791999816894531,AAA
598642338537725184,132.72618156385676,10.816766678768493,0.6856673952896113,-5.223417350897417,-3.019781691088863,13.360258102416992,0.7722740173339844,08505428+1049004,12.376999855041504,12.104000091552734,12.015000343322754,AAA
608033503573944704,132.73859196935715,12.622257941389218,17.98963154245574,-52.12898124510832,-8.41272252951499,9.516300201416016,1.0195531845092773,08505732+1237201,8.26099967956543,7.854000091552734,7.7779998779296875,AAA
598858770529679616,132.1495293376657,11.123488509460097,0.7006165002190687,0.711163240244194,-0.5382492032764261,12.518115043640137,1.1421375274658203,08483588+1107245,11.04699993133545,10.513999938964844,10.430999755859375,AAA
598874502994504832,132.50440421962148,11.18376696450849,1.2077596290210126,-6.447013116536716,0.30040134292171367,11.934747695922852,1.0967683792114258,08500106+1111017,10.52299976348877,10.0649995803833,10.003999710083008,AAA
604683429082700032,133.14704267332317,11.237020512523408,1.4316416779977994,-5.439457946392817,8.921006626118881,12.387107849121094,0.6972827911376953,08523529+1114131,11.515000343322754,11.260000228881836,11.218999862670898,AAA
598866535830540800,132.18009539677428,11.248259171867437,1.4659378136713652,-2.8202900558092145,-6.153940477488288,13.02994441986084,0.7631292343139648,08484321+1114538,12.079000473022461,11.79699993133545,11.74899959564209,AAA
604640449345006592,133.4548195607927,11.26033439507619,1.043319071659738,-2.674751431563391,-9.01461429678029,13.031551361083984,0.7364006042480469,08534915+1115373,12.081000328063965,11.788000106811523,11.751999855041504,AAA
604696524438068864,133.0497525147313,11.304318908182266,1.2425775527310159,-10.902659384764085,-14.190110120640092,13.353490829467773,0.8062191009521484,08521195+1118157,12.331000328063965,12.022000312805176,11.935999870300293,AAA
598871758510763264,132.24226047617273,11.337841673163268,1.0635751900235841,-2.5235296815835575,-8.632242348411674,13.884842872619629,0.9139471054077148,08485814+1120165,12.711999893188477,12.293000221252441,12.279999732971191,AAA
598918208581290368,132.05466372250936,11.358622937099813,5.692095757831289,17.309284538782418,-31.84595365077975,9.147927284240723,0.5942392349243164,08481310+1121317,8.371000289916992,8.175000190734863,8.119000434875488,AAA
598892580512198144,132.3884560381053,11.361435277283885,,,,13.887775421142578,0.6678094863891602,08493321+1121410,12.381999969482422,12.123000144958496,12.079000473022461,AAA
598892580511613312,132.388320281161,11.36139772632162,,,,13.673273086547852,0.6662817001342773,08493321+1121410,12.381999969482422,12.123000144958496,12.079000473022461,AAA
604689411972180480,133.38700529477103,11.371492916997834,1.686304815275777,4.745842476942183,-11.195765735039645,13.415627479553223,0.8600654602050781,08533287+1122175,12.33899974822998,12.020000457763672,11.968000411987305,AAA
598885979147130496,132.82514916621446,11.441373906810169,1.1813368205747719,-11.027326357971074,-3.1597861018058175,13.09795093536377,0.7413930892944336,08511805+1126290,12.166999816894531,11.883000373840332,11.842000007629395,AAA
598900139654610432,132.5790415407393,11.465674131597497,1.272132023017775,-4.807891817093898,-1.7240276084485244,13.64069938659668,0.7560386657714844,08501897+1127564,12.697999954223633,12.42199993133545,12.345000267028809,AAA
604894127295608064,132.81169073789005,11.501618148672863,7.081621493276169,35.368755692160455,-163.954036821142,11.619803428649902,1.0057106018066406,08511476+1130088,10.354000091552734,9.9399995803833,9.842000007629395,AAA
598898387307969024,132.4267214815531,11.50874349480472,1.8295574534992538,-1.8731130756931407,-6.746903622885191,11.205495834350586,0.6962051391601562,08494241+1130316,10.331000328063965,10.104000091552734,10.057999610900879,AAA
598904434621914496,132.46905751317462,11.551591960248452,5.999810075232173,23.04635403884566,-41.31741739985652,12.129228591918945,1.1080436706542969,08495254+1133065,10.725000381469727,10.269000053405762,10.180000305175781,AAA
598949269784766848,132.06261643652212,11.564879404818845,0.8775479268594915,2.814457514422086,-5.555315250743204,12.947599411010742,1.0895299911499023,08481502+1133538,11.555999755859375,11.07699966430664,10.989999771118164,AAA
604708786569604480,133.2696351736048,11.584809114388742,1.0890544373994278,-0.9489808862304427,-5.502627242356178,13.304811477661133,0.6272735595703125,08530471+1135054,12.519000053405762,12.28499984741211,12.26200008392334,AAA
604908352225724288,132.7534068915958,11.660468148685055,2.7116997054987886,-5.931663780897888,3.8505285183381868,12.456619262695312,0.8675937652587891,08510082+1139375,11.380999565124512,11.067999839782715,11.003999710083008,AAA
598952121643047936,132.169903001353,11.678901708508782,1.6518592592693393,-18.688682410400247,12.955371826085406,13.557618141174316,0.8534574508666992,08484079+1140439,12.475000381469727,12.14799976348877,12.119000434875488,AAA
604727409547154304,133.6751006285683,11.69027909399791,0.2703224807044036,-1.5284595668394316,-1.5646171641221354,13.363028526306152,1.2356224060058594,08544202+1141250,11.767999649047852,11.20300006866455,11.119999885559082,AAA
604904022898639232,132.93600366168363,11.697505091868937,1.1554649742275136,-11.259670152003174,-2.9435768897849792,13.069575309753418,0.7319746017456055,08514465+1141510,12.119999885559082,11.88700008392334,11.802000045776367,AAA
604902682868787584,133.13778881672522,11.756680638614961,1.1363185255240893,-11.11778821292108,-2.9653402877836017,13.550174713134766,0.7401418685913086,08523307+1145241,12.631999969482422,12.343999862670898,12.289999961853027,AAA
604911375882674176,132.82003534411137,11.761571302524906,1.1697143150626779,-11.007294128844702,-2.9286796489091507,13.96726131439209,0.8887300491333008,08511682+1145416,12.855999946594238,12.505000114440918,12.42199993133545,AAA
604916422468464768,132.8801036395372,11.764057641284063,1.1496221428457618,-11.359096625267487,-3.114843924770909,12.476053237915039,0.7516393661499023,08513123+1145505,11.515000343322754,11.223999977111816,11.184000015258789,AAA
598960058742607744,132.31637901521947,11.768190961420173,1.1559292718041014,-10.835323621816627,-3.1352940718284215,12.393146514892578,0.8279314041137695,08491593+1146055,11.331000328063965,11.039999961853027,10.98799991607666,AAA
604926288009182848,133.17385152171872,11.784023895685477,1.0131768602501876,-4.014877827673656,-10.372922266694573,13.896236419677734,0.8966054916381836,08524173+1147027,12.795000076293945,12.510000228881836,12.392999649047852,AAA
604917388836860544,132.88514110293403,11.797871511864761,1.2061150012497281,-11.541324282820941,-2.306975938313142,12.47990608215332,0.7909727096557617,08513244+1147523,11.456999778747559,11.194000244140625,11.102999687194824,AAA
604920584292552832,132.79845931610862,11.814040886829336,1.158334969025947,-11.376567188273864,-2.9606708863186926,13.630786895751953,0.7623348236083984,08511164+1148505,12.685999870300293,12.371000289916992,12.331000328063965,AAA
601970972551837184,131.80639185861062,11.817448372945888,4.540718831078338,-11.893438315884946,-8.799874658584146,13.34239673614502,1.3563613891601562,08471354+1149029,11.711999893188477,11.114999771118164,11.008999824523926,AAA
604917732434325248,132.8456268130823,11.820309197285223,1.1856353394322168,-10.656424678884399,-3.118113620425383,13.1526517868042,0.627044677734375,08512296+1149131,12.364999771118164,12.154999732971191,12.076000213623047,AAA
604918076031622144,132.88390694834712,11.834331384283809,1.0569172875527764,-11.162308476606794,-3.2401290896551505,12.486162185668945,0.7595596313476562,08513214+1150036,11.513999938964844,11.22599983215332,11.197999954223633,AAA
604965664269158656,132.3943557115092,11.857126084403252,1.1511949907027392,-10.881571126214457,-2.7688287467121304,9.094761848449707,1.4833860397338867,08493465+1151256,7.203000068664551,6.546000003814697,6.394000053405762,AAA
604928383953053568,133.32531723831715,11.870457714055206,0.2386392840595752,1.8190306542919874,-3.516467944673896,13.455269813537598,1.2045965194702148,08531807+1152136,11.918999671936035,11.375,11.288999557495117,AAA
604965526830195968,132.48146371165805,11.894616567057618,2.9498209627328884,5.073653040865848,-7.108855357986526,13.117981910705566,0.9639568328857422,08495554+1153406,11.911999702453613,11.496000289916992,11.444999694824219,AAA
604922985178465152,132.87248424685583,11.903866301242159,1.1048762648496964,-10.76953785720097,-2.7566059423430302,12.686858177185059,0.7643985748291016,08512940+1154138,11.72599983215332,11.496000289916992,11.381999969482422,AAA
604922920754523136,132.90458932171813,11.916652622822426,1.1466871609564244,-10.814863037037977,-2.9247398888522333,13.06453800201416,0.7538003921508789,08513710+1154599,12.095999717712402,11.819000244140625,11.762999534606934,AAA
601980490199352576,132.08804321264697,11.962754498410845,0.44061774866667286,-1.6514262568555442,-4.103355366096169,13.467927932739258,0.2148590087890625,08482113+1157459,13.173999786376953,13.100000381469727,13.083000183105469,AAA
604971196186944768,132.81347072544148,11.977067995175522,1.1851746905056957,-0.12654439217940405,-16.15745302588251,13.748714447021484,0.688044548034668,08511523+1158377,12.880000114440918,12.621999740600586,12.538000106811523,AAA
604924531366686080,132.92826067515676,11.991943436160176,1.1708543283984352,-10.833883143465538,-3.052899448126883,13.897798538208008,0.7891750335693359,08514278+1159309,12.88700008392334,12.569000244140625,12.503999710083008,AAA
604972330058312448,132.78376461217343,12.018469006546416,1.1485641042661476,-11.667729407578365,-3.0218843491475704,13.459554672241211,0.7751655578613281,08510811+1201065,12.468999862670898,12.159000396728516,12.072999954223633,AAA
604984871362889728,132.4147573397475,12.085188077968729,2.8576596479562966,-16.64593668968838,-6.265044913547545,13.788256645202637,1.1694746017456055,08493956+1205067,12.333999633789062,11.850000381469727,11.77299976348877,AAA
604950683423073024,133.0105715768792,12.117952563551613,1.7064742290026107,-1.2237694453041605,-3.462758853827621,10.794633865356445,0.6213474273681641,08520253+1207046,9.996999740600586,9.795000076293945,9.748000144958496,AAA
604986172737115904,132.38650189416484,12.149367093697933,1.4291662694499725,-6.668377377246247,-5.947542604722361,13.042723655700684,0.8413228988647461,08493277+1208578,11.954999923706055,11.649999618530273,11.572999954223633,AAA
601986915471313024,132.03111513228495,12.159203518790745,1.4340519263778808,-14.354138841748416,-1.7215724347827859,12.237756729125977,0.6933126449584961,08480748+1209332,11.33899974822998,11.107999801635742,11.0649995803833,AAA
604988582214601600,132.5512536159037,12.16065128738545,2.3028203864355494,-11.996020092155911,-9.296660717518101,12.476912498474121,0.8630771636962891,08501231+1209385,11.378999710083008,11.039999961853027,11.006999969482422,AAA
604942467149600128,133.4259377327523,12.166146647433374,0.601099607702972,-6.748505774361226,-4.936761908904203,11.951231956481934,1.2374401092529297,08534224+1209581,10.364999771118164,9.786999702453613,9.690999984741211,AAA
604954016317642368,133.3292472620603,12.167355102145518,0.6392517852774933,-3.58147289981646,-0.7097590914949468,13.650850296020508,0.6735563278198242,08531904+1210024,12.79800033569336,12.58899974822998,12.515000343322754,AAA
604999096294439936,132.92480675153388,12.205267870474236,2.2068638371055744,6.522478098213061,-26.943744981717625,12.858583450317383,0.8891363143920898,08514194+1212193,11.77299976348877,11.456000328063965,11.336999893188477,AAA
605003631779902080,132.8905124681873,12.276016021374911,0.8177648960663202,0.16531715912569458,-2.8416807152356016,13.867579460144043,0.7785091400146484,08513372+1216336,12.881999969482422,12.614999771118164,12.501999855041504,AAA
605014485161527808,132.66959168169387,12.283271249147944,0.7353285106112064,-22.425157950414118,-19.47253657431673,12.244243621826172,1.0125532150268555,08504073+1217001,10.907999992370605,10.463000297546387,10.395000457763672,AAA
605018161653531904,132.63978921294228,12.327676584439214,4.194875561542895,30.46722677615523,-32.869942128637526,11.46471881866455,0.8020381927490234,08503351+1219402,10.475000381469727,10.140999794006348,10.088000297546387,AAA
605054067579960960,133.28202983664423,12.35408692270879,0.3390788464985462,-1.825988225429007,0.6791244937549061,13.119579315185547,1.1590328216552734,08530768+1221146,11.61400032043457,11.067000389099121,10.989999771118164,AAA
605010263209376256,133.00552743719754,12.357407714967419,0.7933952770018893,-3.8938260924326986,-0.7721325870637332,13.838723182678223,0.6682662963867188,08520133+1221266,12.960000038146973,12.717000007629395,12.668999671936035,AAA
605058263763403392,133.53739389562682,12.406822806200168,0.7187397903145326,-4.889923771241914,-1.467876214294192,11.891255378723145,1.2148008346557617,08540898+1224245,10.322999954223633,9.788999557495117,9.651000022888184,AAA
605026549725388800,132.79708069090884,12.46345488391429,2.5439944351312187,-14.2583291128651,4.220724874630811,13.724224090576172,1.037032127380371,08511131+1227483,12.446000099182129,12.026000022888184,11.911999702453613,AAA
608019175562162816,132.21528609946242,12.527352624735002,0.9275711170822609,-6.03978913724046,-2.334423512505249,13.913928985595703,0.7654857635498047,08485167+1231385,12.968999862670898,12.70300006866455,12.628999710083008,AAA
608040100642827136,132.29560134569576,12.554884975702109,2.1405528595688628,-3.8421385902565066,-1.3200255885834729,11.420419692993164,0.7756872177124023,08491094+1233177,10.437000274658203,10.152999877929688,10.064000129699707,AAA
598640036435112576,132.7922637572931,10.865453410109096,2.1748371748446793,-27.3421723092515,-26.058663566354063,13.962428092956543,1.0376224517822266,08511018+1051561,12.65999984741211,12.24899959564209,12.133000373840332,AAA
598667146268665344,132.8518775078721,10.952181216205773,0.7480906657441936,-1.4012348194874813,-2.7093240803512044,13.44933032989502,1.0913734436035156,08512445+1057079,12.031000137329102,11.586000442504883,11.470999717712402,AAA
604678691733846784,133.23513448673302,11.135319723128369,2.8185962987556286,-5.9572474341492985,-14.345805683908116,12.015439987182617,0.8421754837036133,08525643+1108073,10.937000274658203,10.567999839782715,10.46500015258789,AAA
598853749712531456,132.3341762919637,11.147226637760248,1.3023900005148026,4.990106708712396,-17.719126057315048,11.501608848571777,0.6353378295898438,08492019+1108503,10.699000358581543,10.472000122070312,10.402000427246094,AAA
598854372483142016,132.41071291540078,11.193476707991646,2.1348320992537038,-15.957200862268898,-21.51474605378712,11.404119491577148,0.7899198532104492,08493858+1111369,10.404999732971191,10.114999771118164,10.050999641418457,AAA
604636321880758144,133.60461320980073,11.206571020291975,4.262796405867811,0.8097083234623903,-6.756069947012958,12.831267356872559,1.0626335144042969,08542510+1112238,11.494999885559082,11.03600025177002,10.880999565124512,AAE
598690854488080128,133.0084800091323,11.226953333554949,6.305478215748696,-9.415152349145899,-37.5097500711323,9.325433731079102,0.7041702270507812,08520205+1113378,8.378999710083008,8.112000465393066,8.053000450134277,AAA
604696386999110400,133.09899463584668,11.296698000117587,0.9679368270891053,2.2871388910364407,-10.61801336643097,13.772420883178711,0.7185029983520508,08522376+1117482,12.803999900817871,12.581000328063965,12.468999862670898,AAA
604642712792090112,133.53189558410125,11.351028818153281,2.1178646549600675,-17.333286784968987,12.505723817022169,12.839014053344727,0.7771196365356445,08540767+1121035,11.859000205993652,11.602999687194824,11.539999961853027,AAA
604703495169898112,133.1335544880003,11.48216774956834,2.8100786570114935,-6.693065001404429,-43.97277636584246,12.622207641601562,0.8920583724975586,08523205+1128565,11.468999862670898,11.095999717712402,11.032999992370605,AAA
604892031349972480,132.9742913211736,11.51867093995629,0.5625550339079081,-4.201158487630604,-5.002895272366496,13.518901824951172,1.1184844970703125,08515383+1131072,12.059000015258789,11.576000213623047,11.472000122070312,AAA
604704560321786368,133.06136403339744,11.518703625496727,1.143756697211575,-11.082338306846758,-2.6936241371397873,12.675331115722656,0.7033138275146484,08521473+1131073,11.786999702453613,11.51099967956543,11.461000442504883,AAA
598899211941691648,132.38671463872672,11.53054825824739,5.312092794969488,-29.580670519841956,-11.216138849187672,11.244417190551758,0.8536443710327148,08493284+1131501,10.144000053405762,9.805000305175781,9.725000381469727,AAA
604895536043321472,132.7576728678032,11.5669753745288,0.9124312559398698,-2.6822152187421326,-1.3794074727791386,13.88937759399414,0.9742469787597656,08510184+1134011,12.626999855041504,12.20300006866455,12.121000289916992,AAA
598952911917441664,132.41103006323635,11.618458897241451,1.1872158647678066,-13.297332305884861,-6.888100122146643,13.186101913452148,0.8526086807250977,08493865+1137066,12.071999549865723,11.706000328063965,11.63599967956543,AAA
604908352225725568,132.7489565369424,11.65614696340193,4.662505899320108,-9.829861170633126,-9.085722703203848,12.607278823852539,1.3311958312988281,08505976+1139222,10.994999885559082,10.461999893188477,10.314000129699707,AAA
604903468852379904,133.01477662817524,11.689962317917043,1.1348171776928684,-10.81287407165906,-2.6717989810460008,12.572900772094727,0.7383937835693359,08520356+1141238,11.633999824523926,11.364999771118164,11.305999755859375,AAA
604901957018617728,133.12610322120312,11.714006761625196,1.0678979629082317,-10.879802754072923,-3.064100946771454,13.976335525512695,0.7843217849731445,08523026+1142505,12.947999954223633,12.689000129699707,12.645000457763672,AAA
598959032246073216,132.35375633346118,11.734898775706464,1.2256855861421474,-10.982573017966885,-2.792185012069787,11.784921646118164,1.1588373184204102,08492491+1144057,10.295999526977539,9.831000328063965,9.708000183105469,AAA
604911410242411136,132.8222911797527,11.767553359645758,1.1106803155947071,-11.10530257097232,-2.842721999003909,13.777425765991211,0.7652292251586914,08511736+1146031,12.822999954223633,12.555000305175781,12.475000381469727,AAA
598965418861793280,132.1095743787169,11.767986677067848,1.510723544342024,-1.08377451248979,-7.621718883789818,12.738594055175781,0.7194547653198242,08482629+1146050,11.815999984741211,11.526000022888184,11.48799991607666,AAA
604917285757665920,132.8356724961179,11.771211754506856,1.1729727079209071,-11.099429816942466,-3.1177074868720718,12.782082557678223,0.6056909561157227,08512057+1146163,12.003999710083008,11.833000183105469,11.791000366210938,AAA
598965487581269376,132.08273725374946,11.780897750763394,0.8621076985393841,2.636094426704048,-14.06960052684538,13.963865280151367,0.7914676666259766,08481985+1146516,12.960000038146973,12.66100025177002,12.607999801635742,AAA
598971195593467904,132.16026347043683,11.788255419034387,4.255123011759407,-28.87485967943997,22.64697520012954,13.47728443145752,1.2450838088989258,08483849+1147175,11.95199966430664,11.38599967956543,11.295000076293945,AAA
604740981643806208,133.66629392150324,11.803889162145515,1.7791799000760677,-8.505626338664467,7.8141309020938445,12.49394416809082,0.6717605590820312,08543992+1148138,11.614999771118164,11.345999717712402,11.317000389099121,AAA
604918591427681024,132.9526148343308,11.821001917031987,1.084898449645579,-10.99784808295213,-2.9961295132426713,10.866512298583984,0.27563953399658203,08514864+1149156,10.48799991607666,10.427000045776367,10.402000427246094,AAA
604934362547518080,133.45475156121776,11.941393626850967,1.056605720345105,-8.08111308049482,-8.889315924206777,12.779684066772461,1.0851593017578125,08534915+1156291,11.406000137329102,10.972999572753906,10.848999977111816,AAA
604944086353518592,133.0137191460236,11.96794278841992,1.146057830424664,-10.923959520246562,-2.872912113939673,13.85196590423584,0.7825279235839844,08520330+1158046,12.854999542236328,12.555999755859375,12.513999938964844,AAA
604924634452045824,132.87544441753195,11.973504168496692,0.6318507840722396,-0.17367232446517555,-1.846048480286919,13.894102096557617,0.6791114807128906,08513009+1158245,12.97700023651123,12.748000144958496,12.6850004196167,AAA
604971264906413440,132.839547685253,11.984650561946603,1.2913879865767568,-11.39452885616975,-1.7575879650480362,13.970555305480957,0.7716436386108398,08512150+1159048,12.98900032043457,12.706000328063965,12.640999794006348,AAA
604971264906411904,132.84226760275962,11.985865054519028,1.5197858798587374,-15.967808796539757,18.072069920488556,13.640763282775879,0.7966384887695312,08512216+1159088,12.62600040435791,12.3149995803833,12.21399974822998,AAA
604970783870106624,132.73755716442255,11.987734514931494,1.1353920199140781,-11.129783266603662,-3.6652205119317443,12.964380264282227,0.7554607391357422,08505702+1159158,12.003000259399414,11.72599983215332,11.67300033569336,AAA
604841728693042176,133.65673302728283,11.993605706673096,0.34423683505551494,-4.908817070582783,1.1874023470970527,13.099831581115723,0.8063716888427734,08543762+1159370,11.888999938964844,11.569999694824219,11.48799991607666,AAA
604980473316372736,132.50782931473327,12.008888438233143,0.9161526858826111,-6.237247558542591,-4.246929427816847,13.208769798278809,0.7167329788208008,08500189+1200320,12.307000160217285,12.08899974822998,11.998000144958496,AAA
604984665204470016,132.33945830233864,12.073040130074835,1.2235920638681677,-8.565597256744594,-1.7604625629966066,12.215912818908691,0.7008247375488281,08492148+1204228,11.156999588012695,10.925999641418457,10.859000205993652,AAA
604996106997222912,132.9092360349069,12.085434056736943,1.2861531070652772,-10.799406769044332,-3.1314311905093812,13.646352767944336,0.7661151885986328,08513823+1205075,12.654999732971191,12.406999588012695,12.26200008392334,AAA
604950271106216064,133.00959830473363,12.08749464157222,0.6536709234487615,-4.87028810498169,-1.6240074255040473,10.55308723449707,1.3552112579345703,08520230+1205150,8.843000411987305,8.180999755859375,8.079000473022461,AAF
604996068341455744,132.9567532169702,12.115913475380841,0.4194919237148879,16.93522523570726,-17.53963672428305,13.963866233825684,1.0083122253417969,08514960+1206575,12.645999908447266,12.21500015258789,12.104999542236328,AAA
604941883034049280,133.35503961173302,12.118259293172784,1.0313301184436148,-9.115412954915165,-4.505659459048988,13.34299087524414,0.6130208969116211,08532523+1207057,12.593000411987305,12.380999565124512,12.321000099182129,AAA
604997206508853632,132.86812383948373,12.127381544528468,1.2285507074238418,-10.903706560203045,-2.442388899280237,12.454362869262695,0.6010360717773438,08512836+1207385,11.652999877929688,11.480999946594238,11.430999755859375,AAA
604977037342478592,132.68249099989924,12.127987626369178,0.7909479694894175,-3.927257905835387,6.933058179219579,8.916857719421387,1.945014476776123,08504379+1207407,6.544000148773193,5.7270002365112305,5.514999866485596,AAA
605000024007420416,132.76823575866436,12.140145801880488,1.1616089197820474,-10.8954597414788,-2.905351871322352,13.141924858093262,0.7659492492675781,08510439+1208246,12.180999755859375,11.916999816894531,11.850000381469727,AAA
608004164652071296,132.03890919479966,12.232583133940935,1.6754683779682318,-2.107635858592011,2.466269276939375,12.199173927307129,0.6834821701049805,08480934+1213572,11.348999977111816,11.128000259399414,11.064000129699707,AAA
